Arabic_Saudi_Sentence,English_Terms,Word_Frequency
صاحبي مهووس بسيارات BMW ما يشتري غيرها أبدًا، ويتابع كل إصدار جديد يطلعونه.,BMW,BMW(1)
أمس طلبت matcha من المطعم اللي جنب البيت وكان لذيذ مرة، حتى إني رجعت أطلبه اليوم كمان.,matcha,matcha(1)
قدمت على part-time جديدة وأنتظر الرد من الشركة، وقلبي معلق لين يوصلني الإيميل.,part-time,part-time(1)
شاركت في تحدي taekwondo مع أصحابي هالشهر، وكنا نتنافس على مين يلتزم أكثر.,taekwondo,taekwondo(1)
ما قدرت أختار بين cheesecake و iced coffee فطلبت الاثنين، وطلع القرار صح لأني حبيت الكل.,"cheesecake, iced coffee","cheesecake(1), iced(1), coffee(1)"
أختي معجبة بـ thriller وتتابعه أول بأول، وتحاول ما تفوت ولا حلقة.,thriller,thriller(1)
تعبت من rows بس حسيت بفرق واضح بعدها، ولاحظت تحسن في قوتي العامة.,rows,rows(1)
زملائي حجزوا طاولة في مطعم داخل U Walk للعشاء، وقعدنا نتكلم عن الشغل لين وقت متأخر.,U Walk,"U(1), Walk(1)"
الشباب طلبوا cappuccino وكل واحد أخذ نصيبه بسرعة قبل لا يبرد ويفقد طعمه.,cappuccino,cappuccino(1)
أول مرة أزور KAFD وكان أكبر مما توقعت بكثير، لدرجة إني تهت وأنا أدور المخرج.,KAFD,KAFD(1)
أختي ما تشتري مكياج إلا من Sephora ، وتقول الجودة تفرق عن أي ماركة ثانية.,Sephora,Sephora(1)
في تخرجي طلبت ice cream sundae وكيكة من نفس المطعم لأنهم أفضل مكان جربته بصراحة.,ice cream sundae,"ice(1), cream(1), sundae(1)"
أجلنا الـ appraisal لأن المدير كان مسافر هالأسبوع، وحددنا موعد جديد بعد رجوعه.,appraisal,appraisal(1)
حجزت حصة surfing جديدة في النادي، وتفاجأت إن مستواي أحسن مما كنت أتوقع.,surfing,surfing(1)
كل سبت نروح نلعب squash مع نفس الشلة، وصارت عادة ما نقدر نفوتها.,squash,squash(1)
طلبت قهوة من Tim Hortons وقعدت أراجع الإيميلات المتأخرة، لين ما خلصت كل شي كان متراكم.,Tim Hortons,"Tim(1), Hortons(1)"
راجعت الـ email مرتين قبل ما أرسله للإدارة، عشان أتأكد ما فيه أي خطأ.,email,email(1)
نزّلت trailer وبعدها Spotify ، قعدة سهر كاملة ما ندمت عليها أبدًا.,"trailer, Spotify","trailer(1), Spotify(1)"
طلبنا noodles و burger وقسمناهم بيننا وشبعنا مرة، وقررنا نرجع نفس المكان قريبًا.,"noodles, burger","noodles(1), burger(1)"
حجزت حصة judo جديدة في النادي، وتفاجأت إن مستواي أحسن مما كنت أتوقع.,judo,judo(1)
شفت prequel الجديد وصدمت من نهايته، وقعدت أفكر فيه لين ثاني يوم.,prequel,prequel(1)
شفت مراجعات كثيرة عن trailer قبل لا أشوفه، وأغلبها كانت إيجابية بشكل لافت.,trailer,trailer(2)
شفت عرض حلو في Colours وقررت أرجع أشتريه بكرة قبل لا ينتهي العرض.,Colours,Colours(1)
قرأت عن subtitle في مقال ونال اهتمامي كثير، فبديت أدور معلومات أكثر عنه.,subtitle,subtitle(1)
زميلي طلب salad على الفطور وقالي جربه أنت كمان لأنه فعلاً يستاهل التجربة.,salad,salad(1)
طلبت شنطة Chanel من الموقع الرسمي وانتظرت أسبوع كامل، بس كانت تستاهل الانتظار.,Chanel,Chanel(1)
زميلي مكتبه في T4 وأنا في Tim Hortons ، فنتقابل بس وقت الغدا لأن المسافة بينا بعيدة شوي.,"T4, Tim Hortons","T4(1), Tim(2), Hortons(2)"
كل يوم اثنين أسوي burpees قبل التمرين الرئيسي، عشان أسخن العضلة صح.,burpees,burpees(1)
نزّلت episode وبعدها animation ، قعدة سهر كاملة ما ندمت عليها أبدًا.,"episode, animation","episode(1), animation(1)"
بعد الدوام مع صاحبي طلبنا bubble tea وقعدنا نتكلم لين المغرب وما حسينا بالوقت أبدًا.,bubble tea,"bubble(1), tea(1)"
شفت تخفيضات كبيرة على Tesla في المعرض هالشهر، وفكرت جديًا إني أستبدل سيارتي.,Tesla,Tesla(1)
شفت HBO الجديد وصدمت من نهايته، وقعدت أفكر فيه لين ثاني يوم.,HBO,HBO(1)
الشباب كلهم يحكون عن thriller هالأيام، وصار حديث كل تجمع نقعده.,thriller,thriller(2)
احنا قعدنا نتفرج documentary كامل بليلة وحدة، وما حسينا بالوقت وهو يمر.,documentary,documentary(1)
في تخرجي طلبت donut وكيكة من نفس المطعم لأنهم أفضل مكان جربته بصراحة.,donut,donut(1)
الفطور كان فيه pasta والعشاء mac&cheese ، يوم أكل كامل ما نسيته بسهولة.,"pasta, mac&cheese","pasta(1), mac&cheese(1)"
اشتغلت full-time من البيت طول الأسبوع الماضي، وطلعت إنتاجيتي أحسن من المكتب.,full-time,full-time(1)
قعدت أسمع soundtrack طول الطريق ونسيت الزحمة، لأنه كان مشوق مرة.,soundtrack,soundtrack(1)
طلب مني المدير أحضر training بخصوص المشروع الجديد، رغم إني كنت مشغول ذاك اليوم.,training,training(1)
بعد الدوام مع صاحبي طلبنا brownie وقعدنا نتكلم لين المغرب وما حسينا بالوقت أبدًا.,brownie,brownie(1)
الفريق عندنا يحتاج teamwork أكثر عشان نخلص المشروع بوقته، لأن كل واحد يشتغل لحاله هالفترة.,teamwork,teamwork(1)
بابا اشترى تلفزيون LG جديد للصالة، وصارت السهرات العائلية أحلى بكثير.,LG,LG(1)
أمس طلبت bubble tea من المطعم اللي جنب البيت وكان لذيذ مرة، حتى إني رجعت أطلبه اليوم كمان.,bubble tea,"bubble(2), tea(2)"
الشباب طلبوا chai latte وكل واحد أخذ نصيبه بسرعة قبل لا يبرد ويفقد طعمه.,chai latte,"chai(1), latte(1)"
المدير حاول يقنعني أسحب الـ resignation بس قراري كان نهائي من البداية.,resignation,resignation(1)
احنا وصاحباتي طلبنا popcorn وقعدنا نتصور له قبل ما ناكل عشان نحفظ الذكرى.,popcorn,popcorn(1)
كان عندي appraisal وبعده على طول budget ، يوم مرهق ما توقعت أخلصه بهالسرعة.,"appraisal, budget","appraisal(2), budget(1)"
المدرب زاد لي عدد bicep curls هالأسبوع، وحسيت بتحدي واضح من أول حصة.,bicep curls,"bicep(1), curls(1)"
بعد الدوام رحت 66 Cups آخذ شي حلو قبل لا أرجع البيت، عشان أكافئ نفسي على يوم طويل.,66 Cups,"66(1), Cups(1)"
الشركة الجديدة عطتني onboarding واضح من أول أسبوع، وسهلت علي أندمج بسرعة مع الفريق.,onboarding,onboarding(1)
لعبنا golf مساء أمس واستمتعنا مرة، وقررنا نصير نلعبه كل أسبوع من الحين.,golf,golf(1)
أخوي مهووس بألعاب PlayStation يسهر عليها لين الفجر، وما يوقف إلا لما يتعب فعلًا.,PlayStation,PlayStation(1)
نزلت آخذ قهوتي من Claro قبل لا أدخل الاجتماع، عشان أصحى شوي وأركز أكثر.,Claro,Claro(1)
لازم أوصل Building 13 قبل التاسعة عشان ألقى موقف فاضي، وإلا بدور نص ساعة أدور مكان.,Building 13,"Building(1), 13(1)"
حضرت match مع أخوي وكانت أجواء حماسية، رغم إن المدرجات كانت مزدحمة مرة.,match,match(1)
عندي workshop الساعة عشرة الصبح ولازم أجهز له من الحين، عشان أطلع بأحسن صورة قدامهم.,workshop,workshop(1)
جلست أراجع Disney+ قبل ما أطلع رأيي فيه، عشان أكون منصف في التقييم.,Disney+,Disney+(1)
احنا سوينا استراحة قصيرة وطلعنا نتغدى في Costa ، وقعدنا نضحك على مواقف الأسبوع.,Costa,Costa(1)
أختي انضمت لنادي judo قريب من بيتنا، وصارت تروح ثلاث مرات بالأسبوع.,judo,judo(2)
أختي رايحة Avenues كل نهاية أسبوع مع صديقاتها، صارت شبه روتين ثابت عندها.,Avenues,Avenues(1)
الفريق كله يتجمع في Dunkin وقت البريك الصبحي، وصارت هذي عادتنا كل يوم تقريبًا.,Dunkin,Dunkin(1)
شفت premiere الجديد وصدمت من نهايته، وقعدت أفكر فيه لين ثاني يوم.,premiere,premiere(1)
احنا سوينا tricep extensions مع بعض عشان نحمس بعض، وضحكنا كثير من كثر التعب.,tricep extensions,"tricep(1), extensions(1)"
صاحبي مهووس بمنتجات Samsung ما يشتري غيرها أبدًا، وكل جهاز عنده من نفس الماركة.,Samsung,Samsung(1)
احنا رحنا The Zone عشان نتفرج على السينما الجديدة هناك، وطلعت التجربة أحسن من المتوقع.,The Zone,"The(1), Zone(1)"
سويت tricep extensions و stretching في نفس الجلسة، تعبت مرة بس حسيت بإنجاز حقيقي.,"tricep extensions, stretching","tricep(2), extensions(2), stretching(1)"
المدرب علمني أتمرن على barbell بالشكل الصحيح، عشان ما أأذي ظهري أو ركبتي.,barbell,barbell(1)
راجعت الـ contract مرتين قبل ما أرسله للإدارة، عشان أتأكد ما فيه أي خطأ.,contract,contract(1)
زميلي شرح لي معنى streaming في عالم الأفلام، وصرت أفهم كثير أشياء ما كنت أعرفها.,streaming,streaming(1)
الشباب طلبوا chocolate lava cake وكل واحد أخذ نصيبه بسرعة قبل لا يبرد ويفقد طعمه.,chocolate lava cake,"chocolate(1), lava(1), cake(1)"
قارنا بين محلات First Avenue و Uptown قبل ما نقرر وين نشتري، وأخيرًا اخترنا الأقرب لنا.,"First Avenue, Uptown","First(1), Avenue(1), Uptown(1)"
أبوي وداني Avenues عشان أشتري ملابس العيد، وقعدنا فيه أكثر مما خططنا.,Avenues,Avenues(2)
طلبت قهوة من Costa وقعدت أراجع الإيميلات المتأخرة، لين ما خلصت كل شي كان متراكم.,Costa,Costa(2)
الـ project تأخر بسبب مشاكل في التنسيق بين الفرق، وحاولنا نلحق الوقت الضائع.,project,project(1)
دخلت من A6 لأنه أقرب بوابة للموقف اليوم، وكسبت وقت كنت محتاجه للاجتماع.,A6,A6(1)
أبوي وداني Localizer عشان أشتري ملابس العيد، وقعدنا فيه أكثر مما خططنا.,Localizer,Localizer(1)
كل ما أروح ذاك الكافيه أطلب tiramisu لأنه مميز عندهم ومختلف عن أي مكان ثاني.,tiramisu,tiramisu(1)
صاحبي مهووس بمنتجات Vans ما يشتري غيرها أبدًا، حتى لو طلعت له أغلى بكثير.,Vans,Vans(1)
في تخرجي طلبت brownie وكيكة من نفس المطعم لأنهم أفضل مكان جربته بصراحة.,brownie,brownie(2)
حجزت حصة taekwondo جديدة في النادي، وتفاجأت إن مستواي أحسن مما كنت أتوقع.,taekwondo,taekwondo(2)
زملائي حجزوا طاولة في مطعم داخل Elements للعشاء، وقعدنا نتكلم عن الشغل لين وقت متأخر.,Elements,Elements(1)
سويت cable machine و warm up في نفس الجلسة، تعبت مرة بس حسيت بإنجاز حقيقي.,"cable machine, warm up","cable(1), machine(1), warm(1), up(1)"
أجلنا الـ deploy بسبب مشكلة طارئة في النظام، وأعدنا جدولته لبعد يومين.,deploy,deploy(1)
شفت مراجعات كثيرة عن thriller قبل لا أشوفه، وأغلبها كانت إيجابية بشكل لافت.,thriller,thriller(3)
صاحبتي تشتغل في A3 من أول الأسبوع الماضي، وتقول الجو هناك مختلف عن مبناها القديم.,A3,A3(1)
دخلت من A2 لأنه أقرب بوابة للموقف اليوم، وكسبت وقت كنت محتاجه للاجتماع.,A2,A2(1)
صاحبتي تشتغل في A5 من أول الأسبوع الماضي، وتقول الجو هناك مختلف عن مبناها القديم.,A5,A5(1)
قعدنا نناقش HBO بعد ما خلصناه مباشرة، وكل واحد فينا له رأي مختلف.,HBO,HBO(2)
زميلي مكتبه في T7 وأنا في Sudra Tea ، فنتقابل بس وقت الغدا لأن المسافة بينا بعيدة شوي.,"T7, Sudra Tea","T7(1), Sudra(1), Tea(1)"
شفت مراجعات كثيرة عن documentary قبل لا أشوفه، وأغلبها كانت إيجابية بشكل لافت.,documentary,documentary(2)
صاحبتي تشتغل في T1 من أول الأسبوع الماضي، وتقول الجو هناك مختلف عن مبناها القديم.,T1,T1(1)
الشباب راحوا Jax District يتفرجون على الفعاليات الجديدة اللي أعلنوا عنها من أسبوع.,Jax District,"Jax(1), District(1)"
المكتب الجديد تبعي صار في T1 بدل المبنى القديم، والانتقال كان أسهل مما توقعت.,T1,T1(2)
عندي presentation الساعة عشرة الصبح ولازم أجهز له من الحين، عشان أطلع بأحسن صورة قدامهم.,presentation,presentation(1)
حجزنا ملعب padel مع الشباب نهاية الأسبوع، وضحكنا أكثر مما لعبنا بصراحة.,padel,padel(1)
طلبت قهوة من Starbucks وقعدت أراجع الإيميلات المتأخرة، لين ما خلصت كل شي كان متراكم.,Starbucks,Starbucks(1)
دخلت من A3 لأنه أقرب بوابة للموقف اليوم، وكسبت وقت كنت محتاجه للاجتماع.,A3,A3(2)
أبوي وداني Centria عشان أشتري ملابس العيد، وقعدنا فيه أكثر مما خططنا.,Centria,Centria(1)
أختي انضمت لنادي hiking قريب من بيتنا، وصارت تروح ثلاث مرات بالأسبوع.,hiking,hiking(1)
سوينا deploy للمشروع الجديد بعد أسبوع اختبار كامل، وكل شي اشتغل بدون مشاكل.,deploy,deploy(2)
حدثت الـ resume تبعي قبل ما أقدم على الوظيفة، عشان يعكس آخر خبراتي بدقة.,resume,resume(1)
جلست أراجع season finale قبل ما أطلع رأيي فيه، عشان أكون منصف في التقييم.,season finale,"season(1), finale(1)"
احنا سوينا sets مع بعض عشان نحمس بعض، وضحكنا كثير من كثر التعب.,sets,sets(1)
نزّلت Marvel وبعدها series ، قعدة سهر كاملة ما ندمت عليها أبدًا.,"Marvel, series","Marvel(1), series(1)"
الفريق كله يتجمع في Five Elephants وقت البريك الصبحي، وصارت هذي عادتنا كل يوم تقريبًا.,Five Elephants,"Five(1), Elephants(1)"
رحنا مطعم جديد بالحي وجربنا pasta لأول مرة، وصراحة فاق توقعاتي بشكل واضح.,pasta,pasta(2)
حملت playlist عشان أسمعه وأنا سايق للشغل، وصار جزء من روتيني الصباحي.,playlist,playlist(1)
أمي سوت tacos على طريقتها الخاصة وصار ألذ من أي مطعم مشهور جربناه من قبل.,tacos,tacos(1)
أختي انضمت لنادي taekwondo قريب من بيتنا، وصارت تروح ثلاث مرات بالأسبوع.,taekwondo,taekwondo(3)
عندي قطعة من Zara بس أفكر أبدلها بواحدة من Pull&Bear هالسنة، عشان أجرب شي مختلف شوي.,"Zara, Pull&Bear","Zara(1), Pull&Bear(1)"
بعد الشغل رحت Centria أمشي شوي وأصفي ذهني، لأن يومي كان طويل ومتعب.,Centria,Centria(2)
تعبت من burpees بس حسيت بفرق واضح بعدها، ولاحظت تحسن في قوتي العامة.,burpees,burpees(2)
أجلنا الـ training لأن المدير كان مسافر هالأسبوع، وحددنا موعد جديد بعد رجوعه.,training,training(2)
المدير طلب نجتمع في كافيه داخل Localizer بدل المكتب عشان يغير جو الاجتماع شوي.,Localizer,Localizer(2)
ما توقعت إن Marvel بيعجبني كذا لين جربته، والحين صار من المفضلة عندي.,Marvel,Marvel(2)
أمي سوت frappe على طريقتها الخاصة وصار ألذ من أي مطعم مشهور جربناه من قبل.,frappe,frappe(1)
طلب مني المدير أحضر interview بخصوص المشروع الجديد، رغم إني كنت مشغول ذاك اليوم.,interview,interview(1)
سويت HIIT اليوم وحسيت بتعب واضح، بس النتيجة كانت تستاهل التعب.,HIIT,HIIT(1)
احنا رحنا Mall of Arabia عشان نتفرج على السينما الجديدة هناك، وطلعت التجربة أحسن من المتوقع.,Mall of Arabia,"Mall(1), of(1), Arabia(1)"
وقفت السيارة عند T6 ومشيت للمكتب على طول، لأن كل الموقف القريب كان مليان.,T6,T6(1)
أبوي وداني Kingdom Centre عشان أشتري ملابس العيد، وقعدنا فيه أكثر مما خططنا.,Kingdom Centre,"Kingdom(1), Centre(1)"
خلصت reps وقعدت أستريح خمس دقايق بس، لأن التمرين كان مكثف أكثر من المعتاد.,reps,reps(1)
شفت Shahid VIP الجديد وصدمت من نهايته، وقعدت أفكر فيه لين ثاني يوم.,Shahid VIP,"Shahid(1), VIP(1)"
عندي قطعة من BMW بس أفكر أبدلها بواحدة من Nissan هالسنة، عشان أجرب شي مختلف شوي.,"BMW, Nissan","BMW(2), Nissan(1)"
قرأت عن streaming في مقال ونال اهتمامي كثير، فبديت أدور معلومات أكثر عنه.,streaming,streaming(2)
رحنا KAFD عشان نتمشى ونشوف العروض الجديدة، وقعدنا هناك لين وقت متأخر من الليل.,KAFD,KAFD(2)
خلصت tricep extensions وقعدت أستريح خمس دقايق بس، لأن التمرين كان مكثف أكثر من المعتاد.,tricep extensions,"tricep(3), extensions(3)"
وقفت السيارة عند Building 13 ومشيت للمكتب على طول، لأن كل الموقف القريب كان مليان.,Building 13,"Building(2), 13(2)"
أرسلت feedback للعميل وانتظرت رده طول اليوم، بس ما جاني رد إلا قبل الدوام.,feedback,feedback(1)
دخلت من Building 13 لأنه أقرب بوابة للموقف اليوم، وكسبت وقت كنت محتاجه للاجتماع.,Building 13,"Building(3), 13(3)"
المدير طلب نجتمع في كافيه داخل Boulevard World بدل المكتب عشان يغير جو الاجتماع شوي.,Boulevard World,"Boulevard(1), World(1)"
لعبنا volleyball مساء أمس واستمتعنا مرة، وقررنا نصير نلعبه كل أسبوع من الحين.,volleyball,volleyball(1)
شفت مراجعات كثيرة عن animation قبل لا أشوفه، وأغلبها كانت إيجابية بشكل لافت.,animation,animation(2)
شفت تخفيضات كبيرة على Uniqlo في التطبيق اليوم، وخلاص قررت أطلب قبل ما تخلص المقاسات.,Uniqlo,Uniqlo(1)
أخوي غيّر جواله وأخذ iPhone أحدث إصدار، وقاعد يفتخر فيه قدام كل الشلة.,iPhone,iPhone(1)
احنا سوينا reps مع بعض عشان نحمس بعض، وضحكنا كثير من كثر التعب.,reps,reps(2)
حجزت حصة marathon جديدة في النادي، وتفاجأت إن مستواي أحسن مما كنت أتوقع.,marathon,marathon(1)
رحت Hub الصبح و U Walk العصر، يوم تسوق كامل خلاني أتعب بس استمتعت فيه.,"Hub, U Walk","Hub(1), U(2), Walk(2)"
شفت زميلتي عند Dunkin وسلمت عليها بسرعة وأنا رايح، لأنه ما كان عندي وقت أقعد أسولف.,Dunkin,Dunkin(2)
المدربة نصحتني أزيد sit ups تدريجيًا كل أسبوع، عشان ما أتعرض لإصابة مفاجئة.,sit ups,"sit(1), ups(1)"
أول ما دخلت الجيم ما كنت أعرف أسوي bench press صح، لين علمني مدربي بالتفصيل.,bench press,"bench(1), press(1)"
كل ما أروح ذاك الكافيه أطلب cheesecake لأنه مميز عندهم ومختلف عن أي مكان ثاني.,cheesecake,cheesecake(2)
خسرنا مباراة padel بس استمتعنا باللعب كثير، وقررنا نرجع نلعب بنفس الفريق.,padel,padel(2)
حجزت حصة karate جديدة في النادي، وتفاجأت إن مستواي أحسن مما كنت أتوقع.,karate,karate(1)
نزلت series على جوالي عشان أتابعه بره البيت، ولقيته أحسن بكثير من اللي توقعته.,series,series(2)
احتفلنا بتخرجها في مطعم وسط Colours ، وكانت الأمسية من أحلى الليالي هالسنة.,Colours,Colours(2)
الشركة عطتنا bonus على الأداء هالربع، وكانت مفاجأة حلوة لكل الفريق.,bonus,bonus(1)
صاحبي مهووس بسيارات Mercedes ما يشتري غيرها أبدًا، ويتابع كل إصدار جديد يطلعونه.,Mercedes,Mercedes(1)
اشتريت حذاء Skechers جديد وكان مريح مرة، لدرجة إني نسيت إني لابسه طول اليوم.,Skechers,Skechers(1)
قابلت صاحباتي في Elements وقعدنا نتسوق لين الليل، وكانت جلسة حلوة بعد فترة ما شفناهم.,Elements,Elements(2)
برنامج الـ onboarding استمر أسبوع كامل قبل ما أبدأ شغلي الفعلي، وكان مفيد جدًا.,onboarding,onboarding(2)
خلصت interview قبل ما أبدأ project المهم، وحسيت إني أنجزت يوم كامل بمعنى الكلمة.,"interview, project","interview(2), project(2)"
زميلي طلب brownie على الفطور وقالي جربه أنت كمان لأنه فعلاً يستاهل التجربة.,brownie,brownie(3)
شفت مراجعات كثيرة عن premiere قبل لا أشوفه، وأغلبها كانت إيجابية بشكل لافت.,premiere,premiere(2)
رحت IKEA أشتري أغراض للمطبخ الجديد، وقعدت فيها أكثر من ساعتين أدور بين الأقسام.,IKEA,IKEA(1)
فتحت playlist وأنا أذاكر عشان أركز أكثر، وفعلاً ساعدني أخلص بسرعة.,playlist,playlist(2)
جربت bagel في رحلتي الأخيرة وحبيته كثير، لدرجة إني دورت عليه لما رجعت البلد.,bagel,bagel(1)
احتفلنا بتخرجها في مطعم وسط Avenues ، وكانت الأمسية من أحلى الليالي هالسنة.,Avenues,Avenues(3)
شفت عرض حلو في Centria وقررت أرجع أشتريه بكرة قبل لا ينتهي العرض.,Centria,Centria(3)
زميلي مكتبه في 66 Cups وأنا في A5 ، فنتقابل بس وقت الغدا لأن المسافة بينا بعيدة شوي.,"66 Cups, A5","66(2), Cups(2), A5(2)"
أجلنا الـ conference لأن المدير كان مسافر هالأسبوع، وحددنا موعد جديد بعد رجوعه.,conference,conference(1)
اشترينا ألعاب LEGO للأطفال بمناسبة العيد، وقعدوا يلعبون فيها من الصبح لين الليل.,LEGO,LEGO(1)
شفت مدربي يسوي tricep extensions بطريقة مختلفة عني تمامًا، فسألته يصححلي وضعيتي.,tricep extensions,"tricep(4), extensions(4)"
قرأت عن VR في مقال ونال اهتمامي كثير، فبديت أدور معلومات أكثر عنه.,VR,VR(1)
قعدت الليلة أتفرج على prequel لين تعبت عيني، بس ما قدرت أوقف لأنه كان مشوق مرة.,prequel,prequel(2)
عندي قطعة من Nike بس أفكر أبدلها بواحدة من Adidas هالسنة، عشان أجرب شي مختلف شوي.,"Nike, Adidas","Nike(1), Adidas(1)"
أول مرة أزور Panorama وكان أكبر مما توقعت بكثير، لدرجة إني تهت وأنا أدور المخرج.,Panorama,Panorama(1)
شفت مراجعات كثيرة عن prequel قبل لا أشوفه، وأغلبها كانت إيجابية بشكل لافت.,prequel,prequel(3)
لقيت فرصة freelance تناسب وقتي هالفترة، فقررت أقدم عليها بدون تردد.,freelance,freelance(1)
قارنا بين محلات Downtown و Uptown قبل ما نقرر وين نشتري، وأخيرًا اخترنا الأقرب لنا.,"Downtown, Uptown","Downtown(1), Uptown(2)"
قياس الأداء عندنا يعتمد على KPI محددة من الإدارة، وتراجع كل ربع سنة.,KPI,KPI(1)
الاجتماع اليوم صار في T6 مو في المبنى المعتاد، وتفاجأت لما وصلت المكان الجديد.,T6,T6(2)
عندي appraisal الساعة عشرة الصبح ولازم أجهز له من الحين، عشان أطلع بأحسن صورة قدامهم.,appraisal,appraisal(3)
أختي انضمت لنادي running قريب من بيتنا، وصارت تروح ثلاث مرات بالأسبوع.,running,running(1)
احنا قعدنا نتفرج thriller كامل بليلة وحدة، وما حسينا بالوقت وهو يمر.,thriller,thriller(4)
سويت pull downs اليوم في الجيم وحسيت بألم بعدها، بس عرفت إني اشتغلت صح على العضلة.,pull downs,"pull(1), downs(1)"
احنا قعدنا نتفرج season finale كامل بليلة وحدة، وما حسينا بالوقت وهو يمر.,season finale,"season(2), finale(2)"
الفطور كان فيه ice cream sundae والعشاء steak ، يوم أكل كامل ما نسيته بسهولة.,"ice cream sundae, steak","ice(2), cream(2), sundae(2), steak(1)"
رحنا مطعم جديد بالحي وجربنا chai latte لأول مرة، وصراحة فاق توقعاتي بشكل واضح.,chai latte,"chai(2), latte(2)"
رحنا مطعم جديد بالحي وجربنا cheesecake لأول مرة، وصراحة فاق توقعاتي بشكل واضح.,cheesecake,cheesecake(3)
بديت أتمرن مع personal trainer من شهرين وتحسنت كثير، وصار عندي انضباط أكثر من قبل.,personal trainer,"personal(1), trainer(1)"
المدرب زاد شدة spin class هالأسبوع، وحسيت بفرق واضح من أول حصة.,spin class,"spin(1), class(1)"
رحنا مطعم جديد بالحي وجربنا espresso لأول مرة، وصراحة فاق توقعاتي بشكل واضح.,espresso,espresso(1)
أول مرة أزور Elements وكان أكبر مما توقعت بكثير، لدرجة إني تهت وأنا أدور المخرج.,Elements,Elements(3)
أختي معجبة بـ premiere وتتابعه أول بأول، وتحاول ما تفوت ولا حلقة.,premiere,premiere(3)
بديت بـ CrossFit وبعدين حولت لـ padel لأنه أخف على جسمي، ولاحظت فرق واضح بالراحة.,"CrossFit, padel","CrossFit(1), padel(3)"
أرسلت report للعميل وانتظرت رده طول اليوم، بس ما جاني رد إلا قبل الدوام.,report,report(1)
أمي سوت affogato على طريقتها الخاصة وصار ألذ من أي مطعم مشهور جربناه من قبل.,affogato,affogato(1)
قعدت أشتغل في A7 طول الصبح لين وقت الغدا، وما لحقت أطلع أستراحة إلا مرة وحدة.,A7,A7(1)
كل يوم اثنين أسوي bicep curls قبل التمرين الرئيسي، عشان أسخن العضلة صح.,bicep curls,"bicep(2), curls(2)"
أبوي وداني Panorama عشان أشتري ملابس العيد، وقعدنا فيه أكثر مما خططنا.,Panorama,Panorama(2)
ما توقعت إن Disney+ بيعجبني كذا لين جربته، والحين صار من المفضلة عندي.,Disney+,Disney+(2)
شفت تخفيضات كبيرة على Crocs في التطبيق اليوم، فقررت أشتري قبل ما ينتهي العرض.,Crocs,Crocs(1)
أختي معجبة بـ Netflix وتتابعه أول بأول، وتحاول ما تفوت ولا حلقة.,Netflix,Netflix(1)
شاركت في بطولة football وطلعت من الأدوار الأولى، بس استفدت خبرة تفيدني قدام.,football,football(1)
صاحبي رشح لي thriller وقالي ما بتندم أبدًا، وفعلاً كان محق في كلامه.,thriller,thriller(5)
رحت من T5 إلى A2 مشي عشان أوصل الاجتماع بسرعة، ووصلت بالكاد قبل ما يبدأ.,"T5, A2","T5(1), A2(2)"
صاحبي علمني plank بطريقة صحيحة تحمي الظهر، وصرت أطبقها في كل حصة.,plank,plank(1)
طلب مني المدير أحضر workshop بخصوص المشروع الجديد، رغم إني كنت مشغول ذاك اليوم.,workshop,workshop(2)
عندي training الساعة عشرة الصبح ولازم أجهز له من الحين، عشان أطلع بأحسن صورة قدامهم.,training,training(3)
سجلت في دوري padel مع فريق الحي، وبديت أتمرن بجدية أكثر من قبل.,padel,padel(4)
جربت ribeye في رحلتي الأخيرة وحبيته كثير، لدرجة إني دورت عليه لما رجعت البلد.,ribeye,ribeye(1)
طلبت قهوة من Dunkin وقعدت أراجع الإيميلات المتأخرة، لين ما خلصت كل شي كان متراكم.,Dunkin,Dunkin(3)
اشتريت حذاء Nike جديد وكان مريح مرة، لدرجة إني نسيت إني لابسه طول اليوم.,Nike,Nike(2)
صاحبي مهووس بسيارات Honda ما يشتري غيرها أبدًا، ويتابع كل إصدار جديد يطلعونه.,Honda,Honda(1)
دخلت من Gate G5 لأنه أقرب بوابة للموقف اليوم، وكسبت وقت كنت محتاجه للاجتماع.,Gate G5,"Gate(1), G5(1)"
طلبت قهوة من Claro وقعدت أراجع الإيميلات المتأخرة، لين ما خلصت كل شي كان متراكم.,Claro,Claro(2)
خسرنا مباراة badminton بس استمتعنا باللعب كثير، وقررنا نرجع نلعب بنفس الفريق.,badminton,badminton(1)
المطعم الجديد يقدم ice cream sundae بطريقة مختلفة عن اللي نعرفه، وصراحة الفكرة عجبتني كثير.,ice cream sundae,"ice(3), cream(3), sundae(3)"
قعدت أشتغل في A5 طول الصبح لين وقت الغدا، وما لحقت أطلع أستراحة إلا مرة وحدة.,A5,A5(3)
احنا سوينا sit ups مع بعض عشان نحمس بعض، وضحكنا كثير من كثر التعب.,sit ups,"sit(2), ups(2)"
ما توقعت إن YouTube بيعجبني كذا لين جربته، والحين صار من المفضلة عندي.,YouTube,YouTube(1)
رحنا Centria عشان نتمشى ونشوف العروض الجديدة، وقعدنا هناك لين وقت متأخر من الليل.,Centria,Centria(4)
سويت lat pulldown اليوم في الجيم وحسيت بألم بعدها، بس عرفت إني اشتغلت صح على العضلة.,lat pulldown,"lat(1), pulldown(1)"
المشروع له deadline صعب لازم نلتزم فيه، حتى لو اضطرينا نشتغل ساعات إضافية.,deadline,deadline(1)
المدرب زاد لي عدد sit ups هالأسبوع، وحسيت بتحدي واضح من أول حصة.,sit ups,"sit(3), ups(3)"
كل سبت نروح نلعب tennis مع نفس الشلة، وصارت عادة ما نقدر نفوتها.,tennis,tennis(1)
المدرب علمنا حركات جديدة في swimming اليوم، وحسيت إني تحسنت كثير عن الحصة اللي فاتت.,swimming,swimming(1)
لعبت CrossFit الصبح و badminton بعد الظهر، يوم رياضي كامل خلاني أنام بدري من التعب.,"CrossFit, badminton","CrossFit(2), badminton(2)"
بعد الإحماء بديت sit ups على وزن خفيف، عشان أتأكد من الحركة قبل ما أزيد الوزن.,sit ups,"sit(4), ups(4)"
رحنا مطعم جديد بالحي وجربنا BBQ ribs لأول مرة، وصراحة فاق توقعاتي بشكل واضح.,BBQ ribs,"BBQ(1), ribs(1)"
خلصت KPI قبل ما أبدأ workshop المهم، وحسيت إني أنجزت يوم كامل بمعنى الكلمة.,"KPI, workshop","KPI(2), workshop(3)"
وقفت السيارة عند T1 ومشيت للمكتب على طول، لأن كل الموقف القريب كان مليان.,T1,T1(3)
زميلي شرح لي معنى Oscar في عالم الأفلام، وصرت أفهم كثير أشياء ما كنت أعرفها.,Oscar,Oscar(1)
أهدوني ساعة Rolex في تخرجي وكانت هدية فخمة، ولين الحين أحافظ عليها مثل الذهب.,Rolex,Rolex(1)
طلبت قهوة من Hanco وقعدت أراجع الإيميلات المتأخرة، لين ما خلصت كل شي كان متراكم.,Hanco,Hanco(1)
زملائي حجزوا طاولة في مطعم داخل Panorama للعشاء، وقعدنا نتكلم عن الشغل لين وقت متأخر.,Panorama,Panorama(3)
بعد الدوام رحت Hanco آخذ شي حلو قبل لا أرجع البيت، عشان أكافئ نفسي على يوم طويل.,Hanco,Hanco(2)
شفت مدربي يسوي plank بطريقة مختلفة عني تمامًا، فسألته يصححلي وضعيتي.,plank,plank(2)
زميلي قالي نتقابل عند A7 الساعة عشرة بالضبط، عشان نروح سوا للاجتماع الكبير.,A7,A7(2)
خلصت cool down وقعدت أستريح خمس دقايق بس، لأن التمرين كان مكثف أكثر من المعتاد.,cool down,"cool(1), down(1)"
أختي رايحة U Walk كل نهاية أسبوع مع صديقاتها، صارت شبه روتين ثابت عندها.,U Walk,"U(3), Walk(3)"
لعبت hiking الصبح و volleyball بعد الظهر، يوم رياضي كامل خلاني أنام بدري من التعب.,"hiking, volleyball","hiking(2), volleyball(2)"
المكتب الجديد تبعي صار في T7 بدل المبنى القديم، والانتقال كان أسهل مما توقعت.,T7,T7(2)
بعد الإحماء بديت lunges على وزن خفيف، عشان أتأكد من الحركة قبل ما أزيد الوزن.,lunges,lunges(1)
بدأت أتمرن running عشان أرفع لياقتي البدنية، ولاحظت فرق واضح بعد شهر بس.,running,running(2)
دخلت من A5 لأنه أقرب بوابة للموقف اليوم، وكسبت وقت كنت محتاجه للاجتماع.,A5,A5(4)
خلصت project قبل ما أبدأ resume المهم، وحسيت إني أنجزت يوم كامل بمعنى الكلمة.,"project, resume","project(3), resume(2)"
شفت تخفيضات كبيرة على Pull&Bear في التطبيق اليوم، وخلاص قررت أطلب قبل ما تخلص المقاسات.,Pull&Bear,Pull&Bear(2)
بين soundtrack و animation ما قدرت أقرر وش أسوي الليلة، فخليت صاحبي يختار عني.,"soundtrack, animation","soundtrack(2), animation(3)"
أجلنا الـ workshop لأن المدير كان مسافر هالأسبوع، وحددنا موعد جديد بعد رجوعه.,workshop,workshop(4)
احنا رحنا Solitaire عشان نتفرج على السينما الجديدة هناك، وطلعت التجربة أحسن من المتوقع.,Solitaire,Solitaire(1)
شفت تخفيضات كبيرة على شاشات Sony في التطبيق اليوم، وفكرت أبدل التلفزيون القديم.,Sony,Sony(1)
أختي ما تلبس إلا Bershka في كل مناسباتها، وتقول إن القصات تناسبها أكثر من أي ماركة ثانية.,Bershka,Bershka(1)
الـ teammate تبعي ساعدني أرجع للعب بعد الإصابة، وصبر علي لين رجعت لمستواي.,teammate,teammate(1)
لازم أوصل T7 قبل التاسعة عشان ألقى موقف فاضي، وإلا بدور نص ساعة أدور مكان.,T7,T7(3)
صاحبتي تشتغل في T6 من أول الأسبوع الماضي، وتقول الجو هناك مختلف عن مبناها القديم.,T6,T6(3)
جربت waffle في رحلتي الأخيرة وحبيته كثير، لدرجة إني دورت عليه لما رجعت البلد.,waffle,waffle(1)
بدل warm up صرت أسوي rows عشان أنوع تمريني، ولاحظت فرق واضح بحماسي للجيم.,"warm up, rows","warm(2), up(2), rows(2)"
الشباب كلهم يحكون عن blockbuster هالأيام، وصار حديث كل تجمع نقعده.,blockbuster,blockbuster(1)
كان عندي networking وبعده على طول invoice ، يوم مرهق ما توقعت أخلصه بهالسرعة.,"networking, invoice","networking(1), invoice(1)"
في تخرجي طلبت bubble tea وكيكة من نفس المطعم لأنهم أفضل مكان جربته بصراحة.,bubble tea,"bubble(3), tea(3)"
احنا قعدنا نتفرج rom-com كامل بليلة وحدة، وما حسينا بالوقت وهو يمر.,rom-com,rom-com(1)
الفطور كان فيه bagel والعشاء iced coffee ، يوم أكل كامل ما نسيته بسهولة.,"bagel, iced coffee","bagel(2), iced(2), coffee(2)"
حضرت presentation مع فريق التسويق وطلعت بأفكار زينة، بنشتغل عليها الأسبوع الجاي.,presentation,presentation(2)
أختي انضمت لنادي karate قريب من بيتنا، وصارت تروح ثلاث مرات بالأسبوع.,karate,karate(2)
شفت تخفيضات كبيرة على Adidas في التطبيق اليوم، فقررت أشتري قبل ما ينتهي العرض.,Adidas,Adidas(2)
تمرنت على cable machine نص ساعة كاملة، وحسيت بتحسن واضح في تحملي.,cable machine,"cable(2), machine(2)"
قعدت أشتغل في A2 طول الصبح لين وقت الغدا، وما لحقت أطلع أستراحة إلا مرة وحدة.,A2,A2(3)
شفت صورة pizza على السوشيال ميديا واشتهيته على طول، فطلبته بنفس الليلة.,pizza,pizza(1)
قارنا بين محلات Solitaire و Hub قبل ما نقرر وين نشتري، وأخيرًا اخترنا الأقرب لنا.,"Solitaire, Hub","Solitaire(2), Hub(2)"
المدير طلب نجتمع في كافيه داخل The Zone بدل المكتب عشان يغير جو الاجتماع شوي.,The Zone,"The(2), Zone(2)"
زميلي قالي نتقابل عند A8 الساعة عشرة بالضبط، عشان نروح سوا للاجتماع الكبير.,A8,A8(1)
بعد الدوام رحت Chok آخذ شي حلو قبل لا أرجع البيت، عشان أكافئ نفسي على يوم طويل.,Chok,Chok(1)
قابلت صاحباتي في Granada وقعدنا نتسوق لين الليل، وكانت جلسة حلوة بعد فترة ما شفناهم.,Granada,Granada(1)
أول مرة أزور Localizer وكان أكبر مما توقعت بكثير، لدرجة إني تهت وأنا أدور المخرج.,Localizer,Localizer(3)
بعد سنة كاملة حصلت على promotion في الشغل، وحسيت إن التعب أخيرًا طلع نتيجة.,promotion,promotion(1)
شفت تخفيضات كبيرة على Skechers في التطبيق اليوم، فقررت أشتري قبل ما ينتهي العرض.,Skechers,Skechers(2)
قابلت صاحباتي في Centria وقعدنا نتسوق لين الليل، وكانت جلسة حلوة بعد فترة ما شفناهم.,Centria,Centria(5)
احنا قعدنا نتفرج Marvel كامل بليلة وحدة، وما حسينا بالوقت وهو يمر.,Marvel,Marvel(3)
احنا قعدنا نتفرج prequel كامل بليلة وحدة، وما حسينا بالوقت وهو يمر.,prequel,prequel(4)
قعدت الليلة أتفرج على series لين تعبت عيني، بس ما قدرت أوقف لأنه كان مشوق مرة.,series,series(3)
قدمت استقالتي وسريت في فترة notice period شهر كامل، عشان أسلم شغلي بشكل مرتب.,notice period,"notice(1), period(1)"
وقفت السيارة عند A8 ومشيت للمكتب على طول، لأن كل الموقف القريب كان مليان.,A8,A8(2)
اشترينا ألعاب PlayStation للأطفال بمناسبة العيد، وقعدوا يلعبون فيها من الصبح لين الليل.,PlayStation,PlayStation(2)
شفت زميلتي عند Sudra Tea وسلمت عليها بسرعة وأنا رايح، لأنه ما كان عندي وقت أقعد أسولف.,Sudra Tea,"Sudra(2), Tea(2)"
زميلي مكتبه في Costa وأنا في Tim Hortons ، فنتقابل بس وقت الغدا لأن المسافة بينا بعيدة شوي.,"Costa, Tim Hortons","Costa(3), Tim(3), Hortons(3)"
احنا سوينا استراحة قصيرة وطلعنا نتغدى في Sudra Tea ، وقعدنا نضحك على مواقف الأسبوع.,Sudra Tea,"Sudra(3), Tea(3)"
أجلنا الـ presentation لأن المدير كان مسافر هالأسبوع، وحددنا موعد جديد بعد رجوعه.,presentation,presentation(3)
أختي انضمت لنادي marathon قريب من بيتنا، وصارت تروح ثلاث مرات بالأسبوع.,marathon,marathon(2)
في تخرجي طلبت hotdog وكيكة من نفس المطعم لأنهم أفضل مكان جربته بصراحة.,hotdog,hotdog(1)
أرسلت invoice للعميل وانتظرت رده طول اليوم، بس ما جاني رد إلا قبل الدوام.,invoice,invoice(2)
الفطور كان فيه hot chocolate والعشاء cupcake ، يوم أكل كامل ما نسيته بسهولة.,"hot chocolate, cupcake","hot(1), chocolate(2), cupcake(1)"
راجعت الـ budget قبل ما أرسله للمحاسبة، عشان أتأكد كل رقم مطابق للفواتير.,budget,budget(2)
شفت تخفيضات كبيرة على Zara في التطبيق اليوم، وخلاص قررت أطلب قبل ما تخلص المقاسات.,Zara,Zara(2)
اشتريت تيشيرتين من Pull&Bear بعد التخفيضات الأخيرة، وطلعوا أحسن مما توقعت بصراحة.,Pull&Bear,Pull&Bear(3)
ما توقعت إن blockbuster بيعجبني كذا لين جربته، والحين صار من المفضلة عندي.,blockbuster,blockbuster(2)
قعدت الليلة أتفرج على Disney+ لين تعبت عيني، بس ما قدرت أوقف لأنه كان مشوق مرة.,Disney+,Disney+(3)
المطعم الجديد يقدم iced coffee بطريقة مختلفة عن اللي نعرفه، وصراحة الفكرة عجبتني كثير.,iced coffee,"iced(3), coffee(3)"
المدرب زاد لي عدد pull downs هالأسبوع، وحسيت بتحدي واضح من أول حصة.,pull downs,"pull(2), downs(2)"
سمعت حلقة جديدة من Spotify وعجبتني الفكرة، فرجعت أسمع الحلقات القديمة كمان.,Spotify,Spotify(2)
شاركت في بطولة basketball وطلعت من الأدوار الأولى، بس استفدت خبرة تفيدني قدام.,basketball,basketball(1)
أخوي حضر steak بنفسه في البيت وقالي طلعت زينة رغم إنها أول مرة يجربها.,steak,steak(2)
قعدنا نناقش premiere بعد ما خلصناه مباشرة، وكل واحد فينا له رأي مختلف.,premiere,premiere(4)
نزلت آخذ قهوتي من Dunkin قبل لا أدخل الاجتماع، عشان أصحى شوي وأركز أكثر.,Dunkin,Dunkin(4)
الشركة سمحت لنا بـ remote work يومين في الأسبوع، وصار توازن حياتي أحسن بكثير.,remote work,"remote(1), work(1)"
شاركت في تحدي cycling مع أصحابي هالشهر، وكنا نتنافس على مين يلتزم أكثر.,cycling,cycling(1)
خسرنا مباراة volleyball بس استمتعنا باللعب كثير، وقررنا نرجع نلعب بنفس الفريق.,volleyball,volleyball(3)
اشتريت تيشيرتين من Bershka بعد التخفيضات الأخيرة، وطلعوا أحسن مما توقعت بصراحة.,Bershka,Bershka(2)
المدير مو راضي عن الـ contract ولازم نعيده من جديد، رغم إني اشتغلت عليه ساعات طويلة.,contract,contract(2)
شفت عرض حلو في Boulevard World وقررت أرجع أشتريه بكرة قبل لا ينتهي العرض.,Boulevard World,"Boulevard(2), World(2)"
رحنا مطعم جديد بالحي وجربنا latte لأول مرة، وصراحة فاق توقعاتي بشكل واضح.,latte,latte(3)
اشتريت تيشيرتين من H&M بعد التخفيضات الأخيرة، وطلعوا أحسن مما توقعت بصراحة.,H&M,H&M(1)
صاحبي رشح لي Marvel وقالي ما بتندم أبدًا، وفعلاً كان محق في كلامه.,Marvel,Marvel(4)
المدرب علمني أتمرن على treadmill بالشكل الصحيح، عشان ما أأذي ظهري أو ركبتي.,treadmill,treadmill(1)
خسرنا مباراة rugby بس استمتعنا باللعب كثير، وقررنا نرجع نلعب بنفس الفريق.,rugby,rugby(1)
المكتب الجديد تبعي صار في A4 بدل المبنى القديم، والانتقال كان أسهل مما توقعت.,A4,A4(1)
جربت tacos في رحلتي الأخيرة وحبيته كثير، لدرجة إني دورت عليه لما رجعت البلد.,tacos,tacos(2)
المكتب الجديد تبعي صار في A6 بدل المبنى القديم، والانتقال كان أسهل مما توقعت.,A6,A6(2)
صاحبي مهووس بمنتجات New Balance ما يشتري غيرها أبدًا، حتى لو طلعت له أغلى بكثير.,New Balance,"New(1), Balance(1)"
قعدنا نناقش rom-com بعد ما خلصناه مباشرة، وكل واحد فينا له رأي مختلف.,rom-com,rom-com(2)
دخلت من T2 لأنه أقرب بوابة للموقف اليوم، وكسبت وقت كنت محتاجه للاجتماع.,T2,T2(1)
شفت تخفيضات كبيرة على Mercedes في المعرض هالشهر، وفكرت جديًا إني أستبدل سيارتي.,Mercedes,Mercedes(2)
زميلي طلب ribeye على الفطور وقالي جربه أنت كمان لأنه فعلاً يستاهل التجربة.,ribeye,ribeye(2)
حضرت meeting في فندق فخم استمر يومين كاملين، وتعرفت على ناس كثير من نفس المجال.,meeting,meeting(1)
تواصلت مع الـ client بخصوص تفاصيل العقد الجديد، وحاولت أوضح كل نقطة بالتفصيل.,client,client(1)
الشباب طلبوا donut وكل واحد أخذ نصيبه بسرعة قبل لا يبرد ويفقد طعمه.,donut,donut(2)
زاد وزني في deadlifts بعد شهر تمرين مستمر، وحسيت بفخر واضح من التقدم.,deadlifts,deadlifts(1)
كل صباح أسوي surfing قبل ما أروح الشغل، عشان أبدأ يومي بطاقة ونشاط.,surfing,surfing(2)
حققنا الـ target قبل الموعد بأسبوع كامل، وكانت لحظة فخر للفريق كله.,target,target(1)
حجزت حصة skating جديدة في النادي، وتفاجأت إن مستواي أحسن مما كنت أتوقع.,skating,skating(1)
نزلت آخذ قهوتي من Lagate قبل لا أدخل الاجتماع، عشان أصحى شوي وأركز أكثر.,Lagate,Lagate(1)
سوّيت networking كثير هالسنة عشان أوسع شبكة معارفي، وفعلاً فتحت لي أبواب جديدة.,networking,networking(2)
طلبنا chicken alfredo و croissant وقسمناهم بيننا وشبعنا مرة، وقررنا نرجع نفس المكان قريبًا.,"chicken alfredo, croissant","chicken(1), alfredo(1), croissant(1)"
أختي ما تلبس إلا Uniqlo في كل مناسباتها، وتقول إن القصات تناسبها أكثر من أي ماركة ثانية.,Uniqlo,Uniqlo(2)
طلب مني المدير أحضر meeting بخصوص المشروع الجديد، رغم إني كنت مشغول ذاك اليوم.,meeting,meeting(2)
قعدنا نناقش episode بعد ما خلصناه مباشرة، وكل واحد فينا له رأي مختلف.,episode,episode(2)
لازم أخلص فترة notice period قبل لا أبدأ الشغل الجديد، رغم إني متحمس أبدأ بسرعة.,notice period,"notice(2), period(2)"
أختي ما تلبس إلا Pull&Bear في كل مناسباتها، وتقول إن القصات تناسبها أكثر من أي ماركة ثانية.,Pull&Bear,Pull&Bear(4)
لقيت فرصة internship تناسب وقتي هالفترة، فقررت أقدم عليها بدون تردد.,internship,internship(1)
بدأنا project جديد بيستمر لين آخر الربع، وكل الفريق متحمس له من الأول.,project,project(4)
زاد وزني في lat pulldown بعد شهر تمرين مستمر، وحسيت بفخر واضح من التقدم.,lat pulldown,"lat(2), pulldown(2)"
عندي قطعة من Victoria's Secret بس أفكر أبدلها بواحدة من Uniqlo هالسنة، عشان أجرب شي مختلف شوي.,"Victoria's Secret, Uniqlo","Victoria's(1), Secret(1), Uniqlo(3)"
شفت عرض حلو في Granada وقررت أرجع أشتريه بكرة قبل لا ينتهي العرض.,Granada,Granada(2)
المدرب علمنا حركات جديدة في boxing اليوم، وحسيت إني تحسنت كثير عن الحصة اللي فاتت.,boxing,boxing(1)
نزلت آخذ قهوتي من 66 Cups قبل لا أدخل الاجتماع، عشان أصحى شوي وأركز أكثر.,66 Cups,"66(3), Cups(3)"
أخوي حضر pizza بنفسه في البيت وقالي طلعت زينة رغم إنها أول مرة يجربها.,pizza,pizza(2)
الاجتماع اليوم صار في A3 مو في المبنى المعتاد، وتفاجأت لما وصلت المكان الجديد.,A3,A3(3)
أرسلت email للعميل وانتظرت رده طول اليوم، بس ما جاني رد إلا قبل الدوام.,email,email(2)
قدمت resignation رسمي بعد ما لقيت فرصة أحسن، وحسيت براحة غريبة بعد القرار.,resignation,resignation(2)
شفت عرض حلو في Mall of Arabia وقررت أرجع أشتريه بكرة قبل لا ينتهي العرض.,Mall of Arabia,"Mall(2), of(2), Arabia(2)"
أول ما دخلت الجيم ما كنت أعرف أسوي crunches صح، لين علمني مدربي بالتفصيل.,crunches,crunches(1)
أختي ما تلبس إلا Zara في كل مناسباتها، وتقول إن القصات تناسبها أكثر من أي ماركة ثانية.,Zara,Zara(3)
صاحبتي تشتغل في T5 من أول الأسبوع الماضي، وتقول الجو هناك مختلف عن مبناها القديم.,T5,T5(2)
طلبت شنطة Louis Vuitton من الموقع الرسمي وانتظرت أسبوع كامل، بس كانت تستاهل الانتظار.,Louis Vuitton,"Louis(1), Vuitton(1)"
في تخرجي طلبت chocolate lava cake وكيكة من نفس المطعم لأنهم أفضل مكان جربته بصراحة.,chocolate lava cake,"chocolate(3), lava(2), cake(2)"
بدل lunges صرت أسوي barbell عشان أنوع تمريني، ولاحظت فرق واضح بحماسي للجيم.,"lunges, barbell","lunges(2), barbell(2)"
شفت مدربي يسوي pull downs بطريقة مختلفة عني تمامًا، فسألته يصححلي وضعيتي.,pull downs,"pull(3), downs(3)"
خلصت shoulder press وقعدت أستريح خمس دقايق بس، لأن التمرين كان مكثف أكثر من المعتاد.,shoulder press,"shoulder(1), press(2)"
نزّلت rom-com وبعدها season finale ، قعدة سهر كاملة ما ندمت عليها أبدًا.,"rom-com, season finale","rom-com(3), season(3), finale(3)"
المدرب نصحني أشرب protein shake بعد كل حصة، عشان أساعد عضلاتي تتعافى بسرعة.,protein shake,"protein(1), shake(1)"
بين blockbuster و animation ما قدرت أقرر وش أسوي الليلة، فخليت صاحبي يختار عني.,"blockbuster, animation","blockbuster(3), animation(4)"
قارنت بين H&M و Uniqlo قبل ما أقرر وش أشتري، وأخيرًا حسمت قراري بعد نقاش طويل مع صاحبي.,"H&M, Uniqlo","H&M(2), Uniqlo(4)"
احنا كوّنا فريق handball في الشغل عشان نتحدى فريق ثاني، وصار جو المنافسة يحمسنا كل أسبوع.,handball,handball(1)
أرسلت resume لأكثر من شركة هالأسبوع، وأنتظر أي رد يوصلني.,resume,resume(3)
صاحبي رشح لي Disney+ وقالي ما بتندم أبدًا، وفعلاً كان محق في كلامه.,Disney+,Disney+(4)
غيرت لابتوبي بواحد من Apple وارتحت في الشغل، لأن الأداء صار أسرع بكثير.,Apple,Apple(1)
رحنا مطعم جديد بالحي وجربنا wings لأول مرة، وصراحة فاق توقعاتي بشكل واضح.,wings,wings(1)
استخدمت dumbbells اليوم في الجيم لأول مرة، وحسيت بفرق واضح عن التمارين المعتادة.,dumbbells,dumbbells(1)
احنا سوينا rows مع بعض عشان نحمس بعض، وضحكنا كثير من كثر التعب.,rows,rows(3)
أختي معجبة بـ blockbuster وتتابعه أول بأول، وتحاول ما تفوت ولا حلقة.,blockbuster,blockbuster(4)
أخوي حضر milkshake بنفسه في البيت وقالي طلعت زينة رغم إنها أول مرة يجربها.,milkshake,milkshake(1)
أمي سوت chicken alfredo على طريقتها الخاصة وصار ألذ من أي مطعم مشهور جربناه من قبل.,chicken alfredo,"chicken(2), alfredo(2)"
رحنا مطعم جديد بالحي وجربنا donut لأول مرة، وصراحة فاق توقعاتي بشكل واضح.,donut,donut(3)
قابلت صاحباتي في Kingdom Centre وقعدنا نتسوق لين الليل، وكانت جلسة حلوة بعد فترة ما شفناهم.,Kingdom Centre,"Kingdom(2), Centre(2)"
صاحبي رشح لي prequel وقالي ما بتندم أبدًا، وفعلاً كان محق في كلامه.,prequel,prequel(5)
رحنا Granada عشان نتمشى ونشوف العروض الجديدة، وقعدنا هناك لين وقت متأخر من الليل.,Granada,Granada(3)
قدمت على freelance جديدة وأنتظر الرد من الشركة، وقلبي معلق لين يوصلني الإيميل.,freelance,freelance(2)
أختي انضمت لنادي CrossFit قريب من بيتنا، وصارت تروح ثلاث مرات بالأسبوع.,CrossFit,CrossFit(3)
طلبنا smoothie و noodles وقسمناهم بيننا وشبعنا مرة، وقررنا نرجع نفس المكان قريبًا.,"smoothie, noodles","smoothie(1), noodles(2)"
صاحبي ما يشتري إلا منتجات Apple من جوال ولابتوب وساعة، ويقول كلها تشتغل مع بعض بسهولة.,Apple,Apple(2)
ما قدرت أختار بين bubble tea و cold brew فطلبت الاثنين، وطلع القرار صح لأني حبيت الكل.,"bubble tea, cold brew","bubble(4), tea(4), cold(1), brew(1)"
كل سبت نروح نلعب badminton مع نفس الشلة، وصارت عادة ما نقدر نفوتها.,badminton,badminton(3)
المطعم الجديد يقدم burrito بطريقة مختلفة عن اللي نعرفه، وصراحة الفكرة عجبتني كثير.,burrito,burrito(1)
كل يوم اثنين أسوي pull downs قبل التمرين الرئيسي، عشان أسخن العضلة صح.,pull downs,"pull(4), downs(4)"
شفت مباراة padel أمس وكانت مثيرة لين آخر دقيقة، وصرخت من الحماس أكثر من مرة.,padel,padel(5)
الشركة عطتنا promotion على الأداء هالربع، وكانت مفاجأة حلوة لكل الفريق.,promotion,promotion(2)
شفت مباراة basketball أمس وكانت مثيرة لين آخر دقيقة، وصرخت من الحماس أكثر من مرة.,basketball,basketball(2)
حدثت حسابي على LinkedIn بعد ما غيرت وظيفتي، وتفاجأت بعدد الردود اللي وصلتني.,LinkedIn,LinkedIn(1)
صاحبي مهووس بمنتجات Nike ما يشتري غيرها أبدًا، حتى لو طلعت له أغلى بكثير.,Nike,Nike(3)
وقفت السيارة عند T4 ومشيت للمكتب على طول، لأن كل الموقف القريب كان مليان.,T4,T4(2)
شفت animation الجديد وصدمت من نهايته، وقعدت أفكر فيه لين ثاني يوم.,animation,animation(5)
اشتغلت internship من البيت طول الأسبوع الماضي، وطلعت إنتاجيتي أحسن من المكتب.,internship,internship(2)
حضرت appraisal مع فريق التسويق وطلعت بأفكار زينة، بنشتغل عليها الأسبوع الجاي.,appraisal,appraisal(4)
زوجي اشترى سيارة Honda وقاعد يفتخر فيها قدام الكل، ويغسلها بنفسه كل أسبوع.,Honda,Honda(2)
احتفلنا بتخرجها في مطعم وسط Downtown ، وكانت الأمسية من أحلى الليالي هالسنة.,Downtown,Downtown(2)
نزلت آخذ قهوتي من Starbucks قبل لا أدخل الاجتماع، عشان أصحى شوي وأركز أكثر.,Starbucks,Starbucks(2)
تعبت من crunches بس حسيت بفرق واضح بعدها، ولاحظت تحسن في قوتي العامة.,crunches,crunches(2)
صاحبتي تشتغل في A8 من أول الأسبوع الماضي، وتقول الجو هناك مختلف عن مبناها القديم.,A8,A8(3)
أختي رايحة Panorama كل نهاية أسبوع مع صديقاتها، صارت شبه روتين ثابت عندها.,Panorama,Panorama(4)
وقفت السيارة عند Gate G3 ومشيت للمكتب على طول، لأن كل الموقف القريب كان مليان.,Gate G3,"Gate(2), G3(1)"
بدل crunches صرت أسوي barbell عشان أنوع تمريني، ولاحظت فرق واضح بحماسي للجيم.,"crunches, barbell","crunches(3), barbell(3)"
أختي معجبة بـ Disney+ وتتابعه أول بأول، وتحاول ما تفوت ولا حلقة.,Disney+,Disney+(5)
شفت عرض حلو في Kingdom Centre وقررت أرجع أشتريه بكرة قبل لا ينتهي العرض.,Kingdom Centre,"Kingdom(3), Centre(3)"
لعبت volleyball الصبح و squash بعد الظهر، يوم رياضي كامل خلاني أنام بدري من التعب.,"volleyball, squash","volleyball(4), squash(2)"
الاجتماع اليوم صار في A5 مو في المبنى المعتاد، وتفاجأت لما وصلت المكان الجديد.,A5,A5(5)
جربت dumbbells جديد في الجيم وعجبني، وصار من التمارين الثابتة عندي كل أسبوع.,dumbbells,dumbbells(2)
صاحبي مهووس بمنتجات Adidas ما يشتري غيرها أبدًا، حتى لو طلعت له أغلى بكثير.,Adidas,Adidas(3)
الاجتماع اليوم صار في Gate G5 مو في المبنى المعتاد، وتفاجأت لما وصلت المكان الجديد.,Gate G5,"Gate(3), G5(2)"
كل صباح أسوي hiking قبل ما أروح الشغل، عشان أبدأ يومي بطاقة ونشاط.,hiking,hiking(3)
اشتريت حذاء New Balance جديد وكان مريح مرة، لدرجة إني نسيت إني لابسه طول اليوم.,New Balance,"New(2), Balance(2)"
أختي رايحة Colours كل نهاية أسبوع مع صديقاتها، صارت شبه روتين ثابت عندها.,Colours,Colours(3)
أخوي حضر cappuccino بنفسه في البيت وقالي طلعت زينة رغم إنها أول مرة يجربها.,cappuccino,cappuccino(2)
عندي قطعة من Nike بس أفكر أبدلها بواحدة من New Balance هالسنة، عشان أجرب شي مختلف شوي.,"Nike, New Balance","Nike(4), New(3), Balance(3)"
حضرت conference مع فريق التسويق وطلعت بأفكار زينة، بنشتغل عليها الأسبوع الجاي.,conference,conference(2)
زوجي اشترى سيارة Lexus وقاعد يفتخر فيها قدام الكل، ويغسلها بنفسه كل أسبوع.,Lexus,Lexus(1)
المدربة نصحتني أزيد shoulder press تدريجيًا كل أسبوع، عشان ما أتعرض لإصابة مفاجئة.,shoulder press,"shoulder(2), press(3)"
احنا سوينا lunges مع بعض عشان نحمس بعض، وضحكنا كثير من كثر التعب.,lunges,lunges(3)
المطعم الجديد يقدم club sandwich بطريقة مختلفة عن اللي نعرفه، وصراحة الفكرة عجبتني كثير.,club sandwich,"club(1), sandwich(1)"
صاحبي علمني lat pulldown بطريقة صحيحة تحمي الظهر، وصرت أطبقها في كل حصة.,lat pulldown,"lat(3), pulldown(3)"
طلبت شنطة Gucci من الموقع الرسمي وانتظرت أسبوع كامل، بس كانت تستاهل الانتظار.,Gucci,Gucci(1)
قربنا من الـ deadline وما زال فيه شغل كثير باقي، فقررنا نوزع المهام من جديد.,deadline,deadline(2)
جربت fish&chips في رحلتي الأخيرة وحبيته كثير، لدرجة إني دورت عليه لما رجعت البلد.,fish&chips,fish&chips(1)
رحنا مطعم جديد بالحي وجربنا tiramisu لأول مرة، وصراحة فاق توقعاتي بشكل واضح.,tiramisu,tiramisu(2)
الشباب راحوا Avenues يتفرجون على الفعاليات الجديدة اللي أعلنوا عنها من أسبوع.,Avenues,Avenues(4)
شاركت في بطولة squash وطلعت من الأدوار الأولى، بس استفدت خبرة تفيدني قدام.,squash,squash(3)
المدير طلب نجتمع في كافيه داخل Red Sea Mall بدل المكتب عشان يغير جو الاجتماع شوي.,Red Sea Mall,"Red(1), Sea(1), Mall(3)"
شفت تخفيضات كبيرة على Honda في المعرض هالشهر، وفكرت جديًا إني أستبدل سيارتي.,Honda,Honda(3)
بعد الشغل رحت Panorama أمشي شوي وأصفي ذهني، لأن يومي كان طويل ومتعب.,Panorama,Panorama(5)
احنا قعدنا نتفرج Netflix كامل بليلة وحدة، وما حسينا بالوقت وهو يمر.,Netflix,Netflix(2)
رحت Uptown الصبح و First Avenue العصر، يوم تسوق كامل خلاني أتعب بس استمتعت فيه.,"Uptown, First Avenue","Uptown(3), First(2), Avenue(2)"
بعد الدوام مع صاحبي طلبنا affogato وقعدنا نتكلم لين المغرب وما حسينا بالوقت أبدًا.,affogato,affogato(2)
بديت حصتي بـ stretching عشان أسخن جسمي، قبل ما أنتقل للتمارين الأساسية.,stretching,stretching(2)
كل ما أروح ذاك الكافيه أطلب cupcake لأنه مميز عندهم ومختلف عن أي مكان ثاني.,cupcake,cupcake(2)
الـ coach طلب مننا نطلع بأقصى مجهود اليوم، وحمسنا بكلمة قبل ما نبدأ.,coach,coach(1)
اشتغلت part-time من البيت طول الأسبوع الماضي، وطلعت إنتاجيتي أحسن من المكتب.,part-time,part-time(2)
أختي رايحة KAFD كل نهاية أسبوع مع صديقاتها، صارت شبه روتين ثابت عندها.,KAFD,KAFD(3)
حضرت workshop مع فريق التسويق وطلعت بأفكار زينة، بنشتغل عليها الأسبوع الجاي.,workshop,workshop(5)
صاحبي رشح لي blockbuster وقالي ما بتندم أبدًا، وفعلاً كان محق في كلامه.,blockbuster,blockbuster(5)
احنا رحنا Jax District عشان نتفرج على السينما الجديدة هناك، وطلعت التجربة أحسن من المتوقع.,Jax District,"Jax(2), District(2)"
كل صباح أسوي swimming قبل ما أروح الشغل، عشان أبدأ يومي بطاقة ونشاط.,swimming,swimming(2)
أول مرة أزور Red Sea Mall وكان أكبر مما توقعت بكثير، لدرجة إني تهت وأنا أدور المخرج.,Red Sea Mall,"Red(2), Sea(2), Mall(4)"
احنا سوينا spin class مع بعض عشان نحمس بعض، وضحكنا كثير من كثر التعب.,spin class,"spin(2), class(2)"
احتفلنا بتخرجها في مطعم وسط KAFD ، وكانت الأمسية من أحلى الليالي هالسنة.,KAFD,KAFD(4)
أهدوني شنطة Chanel في تخرجي وكانت هدية فخمة، ما توقعت حد يهديني شي بهالمستوى.,Chanel,Chanel(2)
بين rom-com و playlist ما قدرت أقرر وش أسوي الليلة، فخليت صاحبي يختار عني.,"rom-com, playlist","rom-com(4), playlist(3)"
حضرت appraisal في فندق فخم استمر يومين كاملين، وتعرفت على ناس كثير من نفس المجال.,appraisal,appraisal(5)
الشباب راحوا Hub يتفرجون على الفعاليات الجديدة اللي أعلنوا عنها من أسبوع.,Hub,Hub(3)
وقفت السيارة عند T5 ومشيت للمكتب على طول، لأن كل الموقف القريب كان مليان.,T5,T5(3)
احنا سوينا استراحة قصيرة وطلعنا نتغدى في Ole ، وقعدنا نضحك على مواقف الأسبوع.,Ole,Ole(1)
الشباب طلبوا ice cream sundae وكل واحد أخذ نصيبه بسرعة قبل لا يبرد ويفقد طعمه.,ice cream sundae,"ice(4), cream(4), sundae(4)"
بعد سنة كاملة حصلت على raise في الشغل، وحسيت إن التعب أخيرًا طلع نتيجة.,raise,raise(1)
في تخرجي طلبت tiramisu وكيكة من نفس المطعم لأنهم أفضل مكان جربته بصراحة.,tiramisu,tiramisu(3)
الشباب راحوا Downtown يتفرجون على الفعاليات الجديدة اللي أعلنوا عنها من أسبوع.,Downtown,Downtown(3)
جربت milkshake في رحلتي الأخيرة وحبيته كثير، لدرجة إني دورت عليه لما رجعت البلد.,milkshake,milkshake(2)
لازم أوصل A7 قبل التاسعة عشان ألقى موقف فاضي، وإلا بدور نص ساعة أدور مكان.,A7,A7(3)
أمس طلبت affogato من المطعم اللي جنب البيت وكان لذيذ مرة، حتى إني رجعت أطلبه اليوم كمان.,affogato,affogato(3)
زاحمت على cable machine لأن الجيم كان مزدحم مرة، واضطريت أنتظر ربع ساعة قبل دوري.,cable machine,"cable(3), machine(3)"
أمس طلبت hotdog من المطعم اللي جنب البيت وكان لذيذ مرة، حتى إني رجعت أطلبه اليوم كمان.,hotdog,hotdog(2)
المدرب زاد لي عدد tricep extensions هالأسبوع، وحسيت بتحدي واضح من أول حصة.,tricep extensions,"tricep(5), extensions(5)"
الـ KPI تبعي تحسنت كثير بعد التدريب الأخير، وصارت نتائجي أوضح للإدارة.,KPI,KPI(3)
جربت mocha في رحلتي الأخيرة وحبيته كثير، لدرجة إني دورت عليه لما رجعت البلد.,mocha,mocha(1)
سويت cardio اليوم وحسيت بتعب واضح، بس النتيجة كانت تستاهل التعب.,cardio,cardio(1)
أمس طلبت americano من المطعم اللي جنب البيت وكان لذيذ مرة، حتى إني رجعت أطلبه اليوم كمان.,americano,americano(1)
حضرت interview مع فريق التسويق وطلعت بأفكار زينة، بنشتغل عليها الأسبوع الجاي.,interview,interview(3)
الشباب كلهم يحكون عن Shahid VIP هالأيام، وصار حديث كل تجمع نقعده.,Shahid VIP,"Shahid(2), VIP(2)"
زميلي قالي نتقابل عند A3 الساعة عشرة بالضبط، عشان نروح سوا للاجتماع الكبير.,A3,A3(4)
اشتريت تيشيرتين من Victoria's Secret بعد التخفيضات الأخيرة، وطلعوا أحسن مما توقعت بصراحة.,Victoria's Secret,"Victoria's(2), Secret(2)"
طلبت قهوة من Sudra Tea وقعدت أراجع الإيميلات المتأخرة، لين ما خلصت كل شي كان متراكم.,Sudra Tea,"Sudra(4), Tea(4)"
رحت Solitaire الصبح و Elements العصر، يوم تسوق كامل خلاني أتعب بس استمتعت فيه.,"Solitaire, Elements","Solitaire(3), Elements(4)"
الإدارة قلصت budget المشروع هالربع بسبب الظروف، فاضطرينا نعيد ترتيب الأولويات.,budget,budget(3)
احنا سوينا استراحة قصيرة وطلعنا نتغدى في Chok ، وقعدنا نضحك على مواقف الأسبوع.,Chok,Chok(2)
الاجتماع اليوم صار في T7 مو في المبنى المعتاد، وتفاجأت لما وصلت المكان الجديد.,T7,T7(4)
احنا سوينا burpees مع بعض عشان نحمس بعض، وضحكنا كثير من كثر التعب.,burpees,burpees(3)
بديت بـ swimming وبعدين حولت لـ running لأنه أخف على جسمي، ولاحظت فرق واضح بالراحة.,"swimming, running","swimming(3), running(3)"
في تخرجي طلبت chai latte وكيكة من نفس المطعم لأنهم أفضل مكان جربته بصراحة.,chai latte,"chai(3), latte(4)"
كل ما أروح ذاك الكافيه أطلب cold brew لأنه مميز عندهم ومختلف عن أي مكان ثاني.,cold brew,"cold(2), brew(2)"
حضرت training في فندق فخم استمر يومين كاملين، وتعرفت على ناس كثير من نفس المجال.,training,training(4)
شاركت في بطولة badminton وطلعت من الأدوار الأولى، بس استفدت خبرة تفيدني قدام.,badminton,badminton(4)
اشتريت تيشيرتين من Zara بعد التخفيضات الأخيرة، وطلعوا أحسن مما توقعت بصراحة.,Zara,Zara(4)
جربت مكياج MAC الجديد وعجبني لونه كثير، وصار من الأشياء الثابتة في شنطتي.,MAC,MAC(1)
زوجي اشترى سيارة Toyota وقاعد يفتخر فيها قدام الكل، ويغسلها بنفسه كل أسبوع.,Toyota,Toyota(1)
احنا كوّنا فريق table tennis في الشغل عشان نتحدى فريق ثاني، وصار جو المنافسة يحمسنا كل أسبوع.,table tennis,"table(1), tennis(2)"
المدربة نصحتني أزيد leg press تدريجيًا كل أسبوع، عشان ما أتعرض لإصابة مفاجئة.,leg press,"leg(1), press(4)"
زملائي حجزوا طاولة في مطعم داخل Hub للعشاء، وقعدنا نتكلم عن الشغل لين وقت متأخر.,Hub,Hub(4)
احنا قعدنا نتفرج HBO كامل بليلة وحدة، وما حسينا بالوقت وهو يمر.,HBO,HBO(3)
خلصت lat pulldown وقعدت أستريح خمس دقايق بس، لأن التمرين كان مكثف أكثر من المعتاد.,lat pulldown,"lat(4), pulldown(4)"
أثثنا الصالة كلها من IKEA الأسبوع اللي فات، والنتيجة طلعت أحلى مما تخيلنا.,IKEA,IKEA(2)
احتفلنا بتخرجها في مطعم وسط Uptown ، وكانت الأمسية من أحلى الليالي هالسنة.,Uptown,Uptown(4)
الشباب راحوا Uptown يتفرجون على الفعاليات الجديدة اللي أعلنوا عنها من أسبوع.,Uptown,Uptown(5)
المطعم الجديد يقدم caesar salad بطريقة مختلفة عن اللي نعرفه، وصراحة الفكرة عجبتني كثير.,caesar salad,"caesar(1), salad(2)"
أختي ما تلبس إلا Victoria's Secret في كل مناسباتها، وتقول إن القصات تناسبها أكثر من أي ماركة ثانية.,Victoria's Secret,"Victoria's(3), Secret(3)"
أهدوني شنطة Gucci في تخرجي وكانت هدية فخمة، ما توقعت حد يهديني شي بهالمستوى.,Gucci,Gucci(2)
كان عندي meeting وبعده على طول teamwork ، يوم مرهق ما توقعت أخلصه بهالسرعة.,"meeting, teamwork","meeting(3), teamwork(2)"
خلصت resignation قبل ما أبدأ feedback المهم، وحسيت إني أنجزت يوم كامل بمعنى الكلمة.,"resignation, feedback","resignation(3), feedback(2)"
تجربة Oscar كانت مختلفة عن اللي توقعتها، وخلتني أشوف الأفلام بطريقة ثانية.,Oscar,Oscar(2)
شفت صورة mac&cheese على السوشيال ميديا واشتهيته على طول، فطلبته بنفس الليلة.,mac&cheese,mac&cheese(2)
زميلي أخذ promotion بعد سنتين شغل مجتهد، واستاهلها بجدارة على رأي الكل.,promotion,promotion(3)
احنا سوينا استراحة قصيرة وطلعنا نتغدى في City Fresh Kitchen ، وقعدنا نضحك على مواقف الأسبوع.,City Fresh Kitchen,"City(1), Fresh(1), Kitchen(1)"
احنا سوينا cardio مع بعض عشان نحمس بعض، وضحكنا كثير من كثر التعب.,cardio,cardio(2)
نزلت sequel على جوالي عشان أتابعه بره البيت، ولقيته أحسن بكثير من اللي توقعته.,sequel,sequel(1)
زوجي اشترى سيارة Tesla وقاعد يفتخر فيها قدام الكل، ويغسلها بنفسه كل أسبوع.,Tesla,Tesla(2)
بعد الدوام مع صاحبي طلبنا tiramisu وقعدنا نتكلم لين المغرب وما حسينا بالوقت أبدًا.,tiramisu,tiramisu(4)
المدرب علمنا حركات جديدة في marathon اليوم، وحسيت إني تحسنت كثير عن الحصة اللي فاتت.,marathon,marathon(3)
عندي conference الساعة عشرة الصبح ولازم أجهز له من الحين، عشان أطلع بأحسن صورة قدامهم.,conference,conference(3)
احنا وصاحباتي طلبنا waffle وقعدنا نتصور له قبل ما ناكل عشان نحفظ الذكرى.,waffle,waffle(2)
احنا سوينا استراحة قصيرة وطلعنا نتغدى في Kart N Go ، وقعدنا نضحك على مواقف الأسبوع.,Kart N Go,"Kart(1), N(1), Go(1)"
شفت زميلتي عند Kart N Go وسلمت عليها بسرعة وأنا رايح، لأنه ما كان عندي وقت أقعد أسولف.,Kart N Go,"Kart(2), N(2), Go(2)"
الشباب راحوا Kingdom Centre يتفرجون على الفعاليات الجديدة اللي أعلنوا عنها من أسبوع.,Kingdom Centre,"Kingdom(4), Centre(4)"
شاركت في تحدي judo مع أصحابي هالشهر، وكنا نتنافس على مين يلتزم أكثر.,judo,judo(3)
بعد الدوام مع صاحبي طلبنا mac&cheese وقعدنا نتكلم لين المغرب وما حسينا بالوقت أبدًا.,mac&cheese,mac&cheese(3)
قارنا بين محلات The Zone و Solitaire قبل ما نقرر وين نشتري، وأخيرًا اخترنا الأقرب لنا.,"The Zone, Solitaire","The(3), Zone(3), Solitaire(4)"
بدأت أتمرن judo عشان أرفع لياقتي البدنية، ولاحظت فرق واضح بعد شهر بس.,judo,judo(4)
الشباب كلهم يحكون عن rom-com هالأيام، وصار حديث كل تجمع نقعده.,rom-com,rom-com(5)
الشباب كلهم يحكون عن documentary هالأيام، وصار حديث كل تجمع نقعده.,documentary,documentary(3)
بعد الشغل رحت Jax District أمشي شوي وأصفي ذهني، لأن يومي كان طويل ومتعب.,Jax District,"Jax(3), District(3)"
ما قدرت أختار بين pasta و hummus wrap فطلبت الاثنين، وطلع القرار صح لأني حبيت الكل.,"pasta, hummus wrap","pasta(3), hummus(1), wrap(1)"
حضرت interview في فندق فخم استمر يومين كاملين، وتعرفت على ناس كثير من نفس المجال.,interview,interview(4)
الشباب كلهم يحكون عن Marvel هالأيام، وصار حديث كل تجمع نقعده.,Marvel,Marvel(5)
لعبنا tennis مساء أمس واستمتعنا مرة، وقررنا نصير نلعبه كل أسبوع من الحين.,tennis,tennis(3)
انصدمت من plot twist في الفيلم ولا توقعته أبدًا، وقعدت أتكلم عنه مع أصحابي كل الأسبوع.,plot twist,"plot(1), twist(1)"
جربت tiramisu في رحلتي الأخيرة وحبيته كثير، لدرجة إني دورت عليه لما رجعت البلد.,tiramisu,tiramisu(5)
أختي رايحة Boulevard World كل نهاية أسبوع مع صديقاتها، صارت شبه روتين ثابت عندها.,Boulevard World,"Boulevard(3), World(3)"
أخوي حضر fish&chips بنفسه في البيت وقالي طلعت زينة رغم إنها أول مرة يجربها.,fish&chips,fish&chips(2)
سجلت في دوري football مع فريق الحي، وبديت أتمرن بجدية أكثر من قبل.,football,football(2)
بديت حصتي بـ reps عشان أسخن جسمي، قبل ما أنتقل للتمارين الأساسية.,reps,reps(3)
زميلي مكتبه في Lagate وأنا في City Fresh Kitchen ، فنتقابل بس وقت الغدا لأن المسافة بينا بعيدة شوي.,"Lagate, City Fresh Kitchen","Lagate(2), City(2), Fresh(2), Kitchen(2)"
صاحبي علمني bicep curls بطريقة صحيحة تحمي الظهر، وصرت أطبقها في كل حصة.,bicep curls,"bicep(3), curls(3)"
احنا وصاحباتي طلبنا bagel وقعدنا نتصور له قبل ما ناكل عشان نحفظ الذكرى.,bagel,bagel(3)
ما توقعت إن premiere بيعجبني كذا لين جربته، والحين صار من المفضلة عندي.,premiere,premiere(5)
رحت من A4 إلى Lagate مشي عشان أوصل الاجتماع بسرعة، ووصلت بالكاد قبل ما يبدأ.,"A4, Lagate","A4(2), Lagate(3)"
وقفت السيارة عند A3 ومشيت للمكتب على طول، لأن كل الموقف القريب كان مليان.,A3,A3(5)
زوجي اشترى سيارة BMW وقاعد يفتخر فيها قدام الكل، ويغسلها بنفسه كل أسبوع.,BMW,BMW(3)
احنا رحنا Hub عشان نتفرج على السينما الجديدة هناك، وطلعت التجربة أحسن من المتوقع.,Hub,Hub(5)
عندي قطعة من Puma بس أفكر أبدلها بواحدة من Crocs هالسنة، عشان أجرب شي مختلف شوي.,"Puma, Crocs","Puma(1), Crocs(2)"
شفت زميلتي عند 66 Cups وسلمت عليها بسرعة وأنا رايح، لأنه ما كان عندي وقت أقعد أسولف.,66 Cups,"66(4), Cups(4)"
أمي سوت apple pie على طريقتها الخاصة وصار ألذ من أي مطعم مشهور جربناه من قبل.,apple pie,"apple(1), pie(1)"
المدير مو راضي عن الـ invoice ولازم نعيده من جديد، رغم إني اشتغلت عليه ساعات طويلة.,invoice,invoice(3)
أخوي محترف في cycling ويتمرن عليه كل يوم تقريبًا، وحصل على ميداليات كثيرة بسببه.,cycling,cycling(2)
المطعم الجديد يقدم waffle بطريقة مختلفة عن اللي نعرفه، وصراحة الفكرة عجبتني كثير.,waffle,waffle(3)
دخلت من T7 لأنه أقرب بوابة للموقف اليوم، وكسبت وقت كنت محتاجه للاجتماع.,T7,T7(5)
شفت زميلتي عند Five Elephants وسلمت عليها بسرعة وأنا رايح، لأنه ما كان عندي وقت أقعد أسولف.,Five Elephants,"Five(2), Elephants(2)"
رحت من Lagate إلى A6 مشي عشان أوصل الاجتماع بسرعة، ووصلت بالكاد قبل ما يبدأ.,"Lagate, A6","Lagate(4), A6(3)"
أول مرة أزور The Zone وكان أكبر مما توقعت بكثير، لدرجة إني تهت وأنا أدور المخرج.,The Zone,"The(4), Zone(4)"
أخوي مهووس بألعاب LEGO يسهر عليها لين الفجر، وما يوقف إلا لما يتعب فعلًا.,LEGO,LEGO(2)
عندي قطعة من Nissan بس أفكر أبدلها بواحدة من Mercedes هالسنة، عشان أجرب شي مختلف شوي.,"Nissan, Mercedes","Nissan(2), Mercedes(3)"
صاحبي مهووس بسيارات Nissan ما يشتري غيرها أبدًا، ويتابع كل إصدار جديد يطلعونه.,Nissan,Nissan(3)
بعد الشغل رحت Solitaire أمشي شوي وأصفي ذهني، لأن يومي كان طويل ومتعب.,Solitaire,Solitaire(5)
عندي interview الساعة عشرة الصبح ولازم أجهز له من الحين، عشان أطلع بأحسن صورة قدامهم.,interview,interview(5)
قرأت عن Oscar في مقال ونال اهتمامي كثير، فبديت أدور معلومات أكثر عنه.,Oscar,Oscar(3)
بعد الشغل رحت Granada أمشي شوي وأصفي ذهني، لأن يومي كان طويل ومتعب.,Granada,Granada(4)
جربت affogato في رحلتي الأخيرة وحبيته كثير، لدرجة إني دورت عليه لما رجعت البلد.,affogato,affogato(4)
أختي معجبة بـ season finale وتتابعه أول بأول، وتحاول ما تفوت ولا حلقة.,season finale,"season(4), finale(4)"
أختي معجبة بـ documentary وتتابعه أول بأول، وتحاول ما تفوت ولا حلقة.,documentary,documentary(4)
سويت HIIT و bicep curls في نفس الجلسة، تعبت مرة بس حسيت بإنجاز حقيقي.,"HIIT, bicep curls","HIIT(2), bicep(4), curls(4)"
رحنا Avenues عشان نتمشى ونشوف العروض الجديدة، وقعدنا هناك لين وقت متأخر من الليل.,Avenues,Avenues(5)
بعد الدوام رحت Sudra Tea آخذ شي حلو قبل لا أرجع البيت، عشان أكافئ نفسي على يوم طويل.,Sudra Tea,"Sudra(5), Tea(5)"
المدير مو راضي عن الـ email ولازم نعيده من جديد، رغم إني اشتغلت عليه ساعات طويلة.,email,email(3)
قدمت على full-time جديدة وأنتظر الرد من الشركة، وقلبي معلق لين يوصلني الإيميل.,full-time,full-time(2)
زميلي يشجعني ألعب table tennis معاه كل خميس، وصارت من أحلى مواعيدي الأسبوعية.,table tennis,"table(2), tennis(4)"
قابلت صاحباتي في Mall of Arabia وقعدنا نتسوق لين الليل، وكانت جلسة حلوة بعد فترة ما شفناهم.,Mall of Arabia,"Mall(5), of(3), Arabia(3)"
قعدت الليلة أتفرج على trailer لين تعبت عيني، بس ما قدرت أوقف لأنه كان مشوق مرة.,trailer,trailer(3)
المدرب علمنا حركات جديدة في cycling اليوم، وحسيت إني تحسنت كثير عن الحصة اللي فاتت.,cycling,cycling(3)
كل صباح أسوي judo قبل ما أروح الشغل، عشان أبدأ يومي بطاقة ونشاط.,judo,judo(5)
نزّلت HBO وبعدها soundtrack ، قعدة سهر كاملة ما ندمت عليها أبدًا.,"HBO, soundtrack","HBO(4), soundtrack(3)"
شفت تخفيضات كبيرة على Nike في التطبيق اليوم، فقررت أشتري قبل ما ينتهي العرض.,Nike,Nike(5)
صاحبي علمني deadlifts بطريقة صحيحة تحمي الظهر، وصرت أطبقها في كل حصة.,deadlifts,deadlifts(2)
حجزت حصة yoga جديدة في النادي، وتفاجأت إن مستواي أحسن مما كنت أتوقع.,yoga,yoga(1)
أهدوني شنطة Louis Vuitton في تخرجي وكانت هدية فخمة، ما توقعت حد يهديني شي بهالمستوى.,Louis Vuitton,"Louis(2), Vuitton(2)"
كل ما أروح ذاك الكافيه أطلب hot chocolate لأنه مميز عندهم ومختلف عن أي مكان ثاني.,hot chocolate,"hot(2), chocolate(4)"
أمس طلبت croissant من المطعم اللي جنب البيت وكان لذيذ مرة، حتى إني رجعت أطلبه اليوم كمان.,croissant,croissant(2)
حضرت league مع أخوي وكانت أجواء حماسية، رغم إن المدرجات كانت مزدحمة مرة.,league,league(1)
ما توقعت إن trailer بيعجبني كذا لين جربته، والحين صار من المفضلة عندي.,trailer,trailer(4)
صاحبي مهووس بسيارات Lexus ما يشتري غيرها أبدًا، ويتابع كل إصدار جديد يطلعونه.,Lexus,Lexus(2)
بعد الإحماء بديت lat pulldown على وزن خفيف، عشان أتأكد من الحركة قبل ما أزيد الوزن.,lat pulldown,"lat(5), pulldown(5)"
جربت barbell جديد في الجيم وعجبني، وصار من التمارين الثابتة عندي كل أسبوع.,barbell,barbell(4)
خلصت overtime كثير هالشهر بسبب ضغط الشغل، ووصلت البيت متعب كل مرة.,overtime,overtime(1)
زميلي يشجعني ألعب handball معاه كل خميس، وصارت من أحلى مواعيدي الأسبوعية.,handball,handball(2)
أختي ما تشتري مكياج إلا من MAC ، وتقول الجودة تفرق عن أي ماركة ثانية.,MAC,MAC(2)
خلصت email قبل ما أبدأ deploy المهم، وحسيت إني أنجزت يوم كامل بمعنى الكلمة.,"email, deploy","email(4), deploy(3)"
لازم أوصل A6 قبل التاسعة عشان ألقى موقف فاضي، وإلا بدور نص ساعة أدور مكان.,A6,A6(4)
ما توقعت إن Shahid VIP بيعجبني كذا لين جربته، والحين صار من المفضلة عندي.,Shahid VIP,"Shahid(3), VIP(3)"
جربت americano في رحلتي الأخيرة وحبيته كثير، لدرجة إني دورت عليه لما رجعت البلد.,americano,americano(2)
أختي ما تلبس إلا H&M في كل مناسباتها، وتقول إن القصات تناسبها أكثر من أي ماركة ثانية.,H&M,H&M(3)
احتفلنا بتخرجها في مطعم وسط Boulevard World ، وكانت الأمسية من أحلى الليالي هالسنة.,Boulevard World,"Boulevard(4), World(4)"
أخوي حضر apple pie بنفسه في البيت وقالي طلعت زينة رغم إنها أول مرة يجربها.,apple pie,"apple(2), pie(2)"
خلصت KPI قبل ما أبدأ overtime المهم، وحسيت إني أنجزت يوم كامل بمعنى الكلمة.,"KPI, overtime","KPI(4), overtime(2)"
أمي سوت chai latte على طريقتها الخاصة وصار ألذ من أي مطعم مشهور جربناه من قبل.,chai latte,"chai(4), latte(5)"
أخوي مهووس بألعاب Xbox يسهر عليها لين الفجر، وما يوقف إلا لما يتعب فعلًا.,Xbox,Xbox(1)
أخوي غيّر جواله وأخذ Samsung أحدث إصدار، وقاعد يفتخر فيه قدام كل الشلة.,Samsung,Samsung(2)
اشتريت حذاء Crocs جديد وكان مريح مرة، لدرجة إني نسيت إني لابسه طول اليوم.,Crocs,Crocs(3)
نزلت آخذ قهوتي من Chok قبل لا أدخل الاجتماع، عشان أصحى شوي وأركز أكثر.,Chok,Chok(3)
كل صباح أسوي boxing قبل ما أروح الشغل، عشان أبدأ يومي بطاقة ونشاط.,boxing,boxing(2)
أختي سوت لنا steak في البيت الأسبوع اللي فات وطلعت ألذ من أي مطعم جربناه قبل.,steak,steak(3)
جلست أراجع HBO قبل ما أطلع رأيي فيه، عشان أكون منصف في التقييم.,HBO,HBO(5)
أخوي حضر hummus wrap بنفسه في البيت وقالي طلعت زينة رغم إنها أول مرة يجربها.,hummus wrap,"hummus(2), wrap(2)"
أختي انضمت لنادي boxing قريب من بيتنا، وصارت تروح ثلاث مرات بالأسبوع.,boxing,boxing(3)
تعبت من leg press بس حسيت بفرق واضح بعدها، ولاحظت تحسن في قوتي العامة.,leg press,"leg(2), press(5)"
قارنا بين محلات First Avenue و The Zone قبل ما نقرر وين نشتري، وأخيرًا اخترنا الأقرب لنا.,"First Avenue, The Zone","First(3), Avenue(3), The(5), Zone(5)"
أمس طلبت nuggets من المطعم اللي جنب البيت وكان لذيذ مرة، حتى إني رجعت أطلبه اليوم كمان.,nuggets,nuggets(1)
خسرنا مباراة table tennis بس استمتعنا باللعب كثير، وقررنا نرجع نلعب بنفس الفريق.,table tennis,"table(3), tennis(5)"
الشباب راحوا Boulevard World يتفرجون على الفعاليات الجديدة اللي أعلنوا عنها من أسبوع.,Boulevard World,"Boulevard(5), World(5)"
بعد الدوام رحت Dunkin آخذ شي حلو قبل لا أرجع البيت، عشان أكافئ نفسي على يوم طويل.,Dunkin,Dunkin(5)
قابلت صاحباتي في Jax District وقعدنا نتسوق لين الليل، وكانت جلسة حلوة بعد فترة ما شفناهم.,Jax District,"Jax(4), District(4)"
شفت تخفيضات كبيرة على Victoria's Secret في التطبيق اليوم، وخلاص قررت أطلب قبل ما تخلص المقاسات.,Victoria's Secret,"Victoria's(4), Secret(4)"
شفت تخفيضات كبيرة على Under Armour في التطبيق اليوم، فقررت أشتري قبل ما ينتهي العرض.,Under Armour,"Under(1), Armour(1)"
بعد الدوام رحت Bicicleta آخذ شي حلو قبل لا أرجع البيت، عشان أكافئ نفسي على يوم طويل.,Bicicleta,Bicicleta(1)
شفت YouTube الجديد وصدمت من نهايته، وقعدت أفكر فيه لين ثاني يوم.,YouTube,YouTube(2)
صاحبي علمني burpees بطريقة صحيحة تحمي الظهر، وصرت أطبقها في كل حصة.,burpees,burpees(4)
لعبت yoga الصبح و marathon بعد الظهر، يوم رياضي كامل خلاني أنام بدري من التعب.,"yoga, marathon","yoga(2), marathon(4)"
شفت مراجعات كثيرة عن Netflix قبل لا أشوفه، وأغلبها كانت إيجابية بشكل لافت.,Netflix,Netflix(3)
طلبت قهوة من City Fresh Kitchen وقعدت أراجع الإيميلات المتأخرة، لين ما خلصت كل شي كان متراكم.,City Fresh Kitchen,"City(3), Fresh(3), Kitchen(3)"
بدأت أتمرن cycling عشان أرفع لياقتي البدنية، ولاحظت فرق واضح بعد شهر بس.,cycling,cycling(4)
تابعت league من البداية للنهاية وما مليت، رغم إنه طال أكثر من المعتاد.,league,league(2)
زملائي حجزوا طاولة في مطعم داخل KAFD للعشاء، وقعدنا نتكلم عن الشغل لين وقت متأخر.,KAFD,KAFD(5)
شفت تخفيضات كبيرة على Puma في التطبيق اليوم، فقررت أشتري قبل ما ينتهي العرض.,Puma,Puma(2)
بين YouTube و season finale ما قدرت أقرر وش أسوي الليلة، فخليت صاحبي يختار عني.,"YouTube, season finale","YouTube(3), season(5), finale(5)"
شفت مباراة golf أمس وكانت مثيرة لين آخر دقيقة، وصرخت من الحماس أكثر من مرة.,golf,golf(2)
نزلت Shahid VIP على جوالي عشان أتابعه بره البيت، ولقيته أحسن بكثير من اللي توقعته.,Shahid VIP,"Shahid(4), VIP(4)"
زاحمت على dumbbells لأن الجيم كان مزدحم مرة، واضطريت أنتظر ربع ساعة قبل دوري.,dumbbells,dumbbells(3)
صاحبي مهووس بمنتجات Under Armour ما يشتري غيرها أبدًا، حتى لو طلعت له أغلى بكثير.,Under Armour,"Under(2), Armour(2)"
اشتريت حذاء Adidas جديد وكان مريح مرة، لدرجة إني نسيت إني لابسه طول اليوم.,Adidas,Adidas(4)
شاركت في تحدي boxing مع أصحابي هالشهر، وكنا نتنافس على مين يلتزم أكثر.,boxing,boxing(4)
لازم أوصل A8 قبل التاسعة عشان ألقى موقف فاضي، وإلا بدور نص ساعة أدور مكان.,A8,A8(4)
سويت lunges و deadlifts في نفس الجلسة، تعبت مرة بس حسيت بإنجاز حقيقي.,"lunges, deadlifts","lunges(4), deadlifts(3)"
جربت نكهة جديدة من protein shake وعجبتني، وصرت أطلبها بعد كل تمرين من الحين.,protein shake,"protein(2), shake(2)"
أول مرة أزور Colours وكان أكبر مما توقعت بكثير، لدرجة إني تهت وأنا أدور المخرج.,Colours,Colours(4)
شاركت في بطولة handball وطلعت من الأدوار الأولى، بس استفدت خبرة تفيدني قدام.,handball,handball(3)
المدرب علمنا حركات جديدة في yoga اليوم، وحسيت إني تحسنت كثير عن الحصة اللي فاتت.,yoga,yoga(3)
احنا سوينا استراحة قصيرة وطلعنا نتغدى في Starbucks ، وقعدنا نضحك على مواقف الأسبوع.,Starbucks,Starbucks(3)
احنا كوّنا فريق basketball في الشغل عشان نتحدى فريق ثاني، وصار جو المنافسة يحمسنا كل أسبوع.,basketball,basketball(3)
احنا رحنا Colours عشان نتفرج على السينما الجديدة هناك، وطلعت التجربة أحسن من المتوقع.,Colours,Colours(5)
نزّلت sequel وبعدها series ، قعدة سهر كاملة ما ندمت عليها أبدًا.,"sequel, series","sequel(2), series(4)"
الفريق كله يتجمع في 66 Cups وقت البريك الصبحي، وصارت هذي عادتنا كل يوم تقريبًا.,66 Cups,"66(5), Cups(5)"
الفطور كان فيه bubble tea والعشاء burrito ، يوم أكل كامل ما نسيته بسهولة.,"bubble tea, burrito","bubble(5), tea(5), burrito(2)"
طلب مني المدير أحضر presentation بخصوص المشروع الجديد، رغم إني كنت مشغول ذاك اليوم.,presentation,presentation(4)
طلبنا milkshake و caesar salad وقسمناهم بيننا وشبعنا مرة، وقررنا نرجع نفس المكان قريبًا.,"milkshake, caesar salad","milkshake(3), caesar(2), salad(3)"
شفت تخفيضات كبيرة على H&M في التطبيق اليوم، وخلاص قررت أطلب قبل ما تخلص المقاسات.,H&M,H&M(4)
أبوي وداني First Avenue عشان أشتري ملابس العيد، وقعدنا فيه أكثر مما خططنا.,First Avenue,"First(4), Avenue(4)"
شفت تخفيضات كبيرة على New Balance في التطبيق اليوم، فقررت أشتري قبل ما ينتهي العرض.,New Balance,"New(4), Balance(4)"
نزلت آخذ قهوتي من Bicicleta قبل لا أدخل الاجتماع، عشان أصحى شوي وأركز أكثر.,Bicicleta,Bicicleta(2)
أخوي محترف في hiking ويتمرن عليه كل يوم تقريبًا، وحصل على ميداليات كثيرة بسببه.,hiking,hiking(4)
كل صباح أسوي CrossFit قبل ما أروح الشغل، عشان أبدأ يومي بطاقة ونشاط.,CrossFit,CrossFit(4)
لازم أوصل T4 قبل التاسعة عشان ألقى موقف فاضي، وإلا بدور نص ساعة أدور مكان.,T4,T4(3)
كل ما أروح ذاك الكافيه أطلب ice cream sundae لأنه مميز عندهم ومختلف عن أي مكان ثاني.,ice cream sundae,"ice(5), cream(5), sundae(5)"
صاحبي مهووس بمنتجات iPhone ما يشتري غيرها أبدًا، وكل جهاز عنده من نفس الماركة.,iPhone,iPhone(2)
دخلت من A8 لأنه أقرب بوابة للموقف اليوم، وكسبت وقت كنت محتاجه للاجتماع.,A8,A8(5)
المطعم الجديد يقدم chow mein بطريقة مختلفة عن اللي نعرفه، وصراحة الفكرة عجبتني كثير.,chow mein,"chow(1), mein(1)"
قدمت على internship جديدة وأنتظر الرد من الشركة، وقلبي معلق لين يوصلني الإيميل.,internship,internship(3)
بعد الإحماء بديت plank على وزن خفيف، عشان أتأكد من الحركة قبل ما أزيد الوزن.,plank,plank(3)
حضرت training مع فريق التسويق وطلعت بأفكار زينة، بنشتغل عليها الأسبوع الجاي.,training,training(5)
اشتريت تيشيرتين من Uniqlo بعد التخفيضات الأخيرة، وطلعوا أحسن مما توقعت بصراحة.,Uniqlo,Uniqlo(5)
زميلي أخذ bonus بعد سنتين شغل مجتهد، واستاهلها بجدارة على رأي الكل.,bonus,bonus(2)
شاركت في تحدي running مع أصحابي هالشهر، وكنا نتنافس على مين يلتزم أكثر.,running,running(4)
نشرت خبر ترقيتي على LinkedIn وتفاعل معي ناس كثير، حتى زملاء ما توقعت يشوفون المنشور.,LinkedIn,LinkedIn(2)
كل صباح أسوي cycling قبل ما أروح الشغل، عشان أبدأ يومي بطاقة ونشاط.,cycling,cycling(5)
لعبت yoga الصبح و volleyball بعد الظهر، يوم رياضي كامل خلاني أنام بدري من التعب.,"yoga, volleyball","yoga(4), volleyball(5)"
الشركة عطتنا raise على الأداء هالربع، وكانت مفاجأة حلوة لكل الفريق.,raise,raise(2)
صاحبي رشح لي documentary وقالي ما بتندم أبدًا، وفعلاً كان محق في كلامه.,documentary,documentary(5)
صاحبي مهووس بمنتجات Puma ما يشتري غيرها أبدًا، حتى لو طلعت له أغلى بكثير.,Puma,Puma(3)
سويت warm up و rows في نفس الجلسة، تعبت مرة بس حسيت بإنجاز حقيقي.,"warm up, rows","warm(3), up(3), rows(4)"
لعبنا rugby مساء أمس واستمتعنا مرة، وقررنا نصير نلعبه كل أسبوع من الحين.,rugby,rugby(2)
احنا قعدنا نتفرج Shahid VIP كامل بليلة وحدة، وما حسينا بالوقت وهو يمر.,Shahid VIP,"Shahid(5), VIP(5)"
صاحبتي تشتغل في Gate G5 من أول الأسبوع الماضي، وتقول الجو هناك مختلف عن مبناها القديم.,Gate G5,"Gate(4), G5(3)"
طلب مني المدير أحضر conference بخصوص المشروع الجديد، رغم إني كنت مشغول ذاك اليوم.,conference,conference(4)
شفت تخفيضات كبيرة على Bershka في التطبيق اليوم، وخلاص قررت أطلب قبل ما تخلص المقاسات.,Bershka,Bershka(3)
احنا وصاحباتي طلبنا muffin وقعدنا نتصور له قبل ما ناكل عشان نحفظ الذكرى.,muffin,muffin(1)
شفت تخفيضات كبيرة على Nissan في المعرض هالشهر، وفكرت جديًا إني أستبدل سيارتي.,Nissan,Nissan(4)
صاحبي مهووس بمنتجات Skechers ما يشتري غيرها أبدًا، حتى لو طلعت له أغلى بكثير.,Skechers,Skechers(3)
دخلت من T6 لأنه أقرب بوابة للموقف اليوم، وكسبت وقت كنت محتاجه للاجتماع.,T6,T6(4)
زملائي حجزوا طاولة في مطعم داخل Jax District للعشاء، وقعدنا نتكلم عن الشغل لين وقت متأخر.,Jax District,"Jax(5), District(5)"
قارنت بين New Balance و Vans قبل ما أقرر وش أشتري، وأخيرًا حسمت قراري بعد نقاش طويل مع صاحبي.,"New Balance, Vans","New(5), Balance(5), Vans(2)"
بدأت أتمرن yoga عشان أرفع لياقتي البدنية، ولاحظت فرق واضح بعد شهر بس.,yoga,yoga(5)
بديت حصتي بـ spin class عشان أسخن جسمي، قبل ما أنتقل للتمارين الأساسية.,spin class,"spin(3), class(3)"
حضرت فعالية networking وتعرفت على ناس بمجالي، وتبادلنا معلومات تواصل قد تفيدني قدام.,networking,networking(3)
كل صباح أسوي running قبل ما أروح الشغل، عشان أبدأ يومي بطاقة ونشاط.,running,running(5)
صاحبتي تشتغل في Gate G6 من أول الأسبوع الماضي، وتقول الجو هناك مختلف عن مبناها القديم.,Gate G6,"Gate(5), G6(1)"
راجعت الـ report مرتين قبل ما أرسله للإدارة، عشان أتأكد ما فيه أي خطأ.,report,report(2)
شفت مدربي يسوي squats بطريقة مختلفة عني تمامًا، فسألته يصححلي وضعيتي.,squats,squats(1)
الشباب طلبوا gelato وكل واحد أخذ نصيبه بسرعة قبل لا يبرد ويفقد طعمه.,gelato,gelato(1)
أول ما دخلت الجيم ما كنت أعرف أسوي rows صح، لين علمني مدربي بالتفصيل.,rows,rows(5)
المكتب الجديد تبعي صار في T6 بدل المبنى القديم، والانتقال كان أسهل مما توقعت.,T6,T6(5)
احنا سوينا warm up مع بعض عشان نحمس بعض، وضحكنا كثير من كثر التعب.,warm up,"warm(4), up(4)"
المدير طلب نجتمع في كافيه داخل Elements بدل المكتب عشان يغير جو الاجتماع شوي.,Elements,Elements(5)
المدير مو راضي عن الـ feedback ولازم نعيده من جديد، رغم إني اشتغلت عليه ساعات طويلة.,feedback,feedback(3)
رحنا Kingdom Centre عشان نتمشى ونشوف العروض الجديدة، وقعدنا هناك لين وقت متأخر من الليل.,Kingdom Centre,"Kingdom(5), Centre(5)"
شفت تخفيضات كبيرة على Lexus في المعرض هالشهر، وفكرت جديًا إني أستبدل سيارتي.,Lexus,Lexus(3)
بعد الشغل رحت Localizer أمشي شوي وأصفي ذهني، لأن يومي كان طويل ومتعب.,Localizer,Localizer(4)
المدرب زاد لي عدد plank هالأسبوع، وحسيت بتحدي واضح من أول حصة.,plank,plank(4)
شفت تخفيضات كبيرة على Toyota في المعرض هالشهر، وفكرت جديًا إني أستبدل سيارتي.,Toyota,Toyota(2)
المدرب علمنا حركات جديدة في CrossFit اليوم، وحسيت إني تحسنت كثير عن الحصة اللي فاتت.,CrossFit,CrossFit(5)
الـ coach الجديد غيّر خطة اللعب كلها، وحسينا بفرق واضح من أول أسبوع.,coach,coach(2)
أول مرة أزور Downtown وكان أكبر مما توقعت بكثير، لدرجة إني تهت وأنا أدور المخرج.,Downtown,Downtown(4)
رحت Downtown الصبح و First Avenue العصر، يوم تسوق كامل خلاني أتعب بس استمتعت فيه.,"Downtown, First Avenue","Downtown(5), First(5), Avenue(5)"
لعبت golf الصبح و skating بعد الظهر، يوم رياضي كامل خلاني أنام بدري من التعب.,"golf, skating","golf(3), skating(2)"
كل ما أروح ذاك الكافيه أطلب fish&chips لأنه مميز عندهم ومختلف عن أي مكان ثاني.,fish&chips,fish&chips(3)
اشتريت حذاء Vans جديد وكان مريح مرة، لدرجة إني نسيت إني لابسه طول اليوم.,Vans,Vans(3)
كل ما أروح ذاك الكافيه أطلب ribeye لأنه مميز عندهم ومختلف عن أي مكان ثاني.,ribeye,ribeye(3)
زوجي اشترى سيارة Mercedes وقاعد يفتخر فيها قدام الكل، ويغسلها بنفسه كل أسبوع.,Mercedes,Mercedes(4)
أمي سوت iced coffee على طريقتها الخاصة وصار ألذ من أي مطعم مشهور جربناه من قبل.,iced coffee,"iced(4), coffee(4)"
نزلت آخذ قهوتي من Five Elephants قبل لا أدخل الاجتماع، عشان أصحى شوي وأركز أكثر.,Five Elephants,"Five(3), Elephants(3)"
زملائي حجزوا طاولة في مطعم داخل Granada للعشاء، وقعدنا نتكلم عن الشغل لين وقت متأخر.,Granada,Granada(5)
رحنا Localizer عشان نتمشى ونشوف العروض الجديدة، وقعدنا هناك لين وقت متأخر من الليل.,Localizer,Localizer(5)
شفت مراجعات كثيرة عن series قبل لا أشوفه، وأغلبها كانت إيجابية بشكل لافت.,series,series(5)
زميلي مكتبه في Lagate وأنا في Claro ، فنتقابل بس وقت الغدا لأن المسافة بينا بعيدة شوي.,"Lagate, Claro","Lagate(5), Claro(3)"
حجزنا ملعب golf مع الشباب نهاية الأسبوع، وضحكنا أكثر مما لعبنا بصراحة.,golf,golf(4)
صاحبي مهووس بمنتجات Crocs ما يشتري غيرها أبدًا، حتى لو طلعت له أغلى بكثير.,Crocs,Crocs(4)
زميلي يشجعني ألعب badminton معاه كل خميس، وصارت من أحلى مواعيدي الأسبوعية.,badminton,badminton(5)
رحت من T5 إلى A6 مشي عشان أوصل الاجتماع بسرعة، ووصلت بالكاد قبل ما يبدأ.,"T5, A6","T5(4), A6(5)"
شفت league حماسي أمس وانبسطت مرة، وقعدت أتكلم عنه مع أصحابي طول اليوم.,league,league(3)
